000100100PA57A	000100100PA57A
000106100NH25A	000106100NH25A
000200600NH14G	000200600NH14G
000300100NH15A	000300100NH15A
000301000NH15C	000301000NH15C
000304700NH15C	000301000NH15C
000304800NH15C	000301000NH15C
000400100NH14H	000400100NH14H
000400200NH14H	000400100NH14H
000400500NH14F	000400500NH14F
000401500NH15C	000401500NH15C
000401600NH15C	000401600NH15C
000500100NH15B	000500100NH15B
000500400NH05B	000900100NH05B
000602700NH15C	000602700NH15C
000602800NH15C	15057A50500214
000700300NH25A	000700300NH25A
000702700NH25A	000700300NH25A
000800900NH14H	000801000NH14H
000801000NH14H	000801000NH14H
000900100NH05B	000900100NH05B
000900100NH14E	000900100NH14E
000900100NH15D	000900100NH15D
000900100NH25A	000900100NH25A
000900200NH05B	000900100NH05B
000900200NH15D	000900100NH15D
000900300NH25A	000900100NH25A
001100100NH25A	001100100NH25A
001100200NH25A	001100100NH25A
001100800NH25A	001100100NH25A
001100900NH25A	001100100NH25A
001103200NH15D	001103300NH15D
001103300NH15D	001103300NH15D
001103800NH15D	001103300NH15D
001103900NH15D	001103300NH15D
001200400NH14H	001200400NH14H
001204300NH25A	001100100NH25A
001204400NH25A	001100100NH25A
001204500NH25A	000700300NH25A
001300100NH14H	001300100NH14H
001300100NH25A	001300100NH25A
001300200NH14H	001300100NH14H
001300200NH25A	001300200NH25A
001301800NH15E	001301800NH15E
001400100NH15D	000900100NH15D
001400200NH15D	15057A51100234
001400300NH15B	001400300NH15B
001400300NH15D	000900100NH15D
001400900NH15B	001400300NH15B
001401000NH15B	001401000NH15B
001502000NH05B	001502000NH05B
001502100NH05B	001502000NH05B
001503200NH25A	001503200NH25A
001504400NH25A	001504400NH25A
001504500NH25A	001504400NH25A
001504800NH25A	001504400NH25A
001600300NH25A	001100100NH25A
001600600NH25B	001504400NH25A
001600700NH25B	001504400NH25A
001601200NH15B	001601200NH15B
001603300NH15D	001603300NH15D
001603400NH15D	001603300NH15D
001700100NH15E	15057A51400373
001700200NH15D	001700200NH15D
001700200NH15E	15057A51400373
001704200NH25A	001704200NH25A
001800500NH14H	001300100NH14H
001801200NH14E	001801200NH14E
001801300NH14E	001801200NH14E
001801900NH25A	001801900NH25A
001806300NH25A	001300200NH25A
001806900NH25A	001300200NH25A
001807200NH25A	001300200NH25A
001807400NH25A	001300200NH25A
001900500NH15D	001900500NH15D
001900600NH15D	001900500NH15D
001903500NH15D	001900500NH15D
002000100NH05B	001502000NH05B
002000100NH15B	002000100NH15B
002000200NH15B	002000100NH15B
002000300NH15B	002000100NH15B
002003300NH25A	001504400NH25A
002003400NH25A	002500100NH25A
002100100NH15D	002100100NH15D
002100100NH15E	002100100NH15E
002100200NH25A	002100200NH25A
002200100NH15D	002200100NH15D
002200100NH15E	000301000NH15C
002200200NH15E	000301000NH15C
002200700NH14G	15057A51300031
002200800NH14G	15057A51300031
002205700NH25A	002205700NH25A
002300100NH14G	002300100NH14G
002300100NH14H	001300100NH14H
002300100NH25A	001801900NH25A
002300200NH14H	002300200NH14H
002300500NH14H	002300200NH14H
002300600NH14H	002300200NH14H
002300700NH14H	002300200NH14H
002300800NH14H	15057A50800358
002300900NH14H	002301000NH14H
002301000NH14H	002301000NH14H
002400400NH25A	002400400NH25A
002500100NH25A	002500100NH25A
002500200NH25A	001504400NH25A
15057A00100008	15057A00100008
15057A00100139	002100100NH15E
15057A00300097	15057A00300097
15057A00310283	15057A00300097
15057A00400706	000602700NH15C
15057A00400757	000602700NH15C
15057A00400758	000602700NH15C
15057A02400674	002301000NH14H
15057A02400700	002301000NH14H
15057A03000246	15057A03000246
15057A03000409	15057A03000409
15057A03000411	15057A03000246
15057A03200947	15057A03200947
15057A03300154	15057A03300154
15057A03300230	15057A03300154
15057A03300232	15057A03300154
15057A03400328	15057A03400328
15057A03700114	002300200NH14H
15057A03800192	000400500NH14F
15057A03801183	000400500NH14F
15057A03900143	15057A03900143
15057A03900800	15057A03900143
15057A05100155	15057A05100155
15057A05200134	15057A05200134
15057A05200135	15057A05200134
15057A05300315	15057A05300315
15057A05400032	001704200NH25A
15057A05400176	001704200NH25A
15057A05500030	15057A05500030
15057A05600520	002205700NH25A
15057A05700254	001801900NH25A
15057A05800015	001300100NH25A
15057A05800020	001300100NH25A
15057A05800161	2612902NH2521S
15057A05800187	001300100NH25A
15057A05800188	001300100NH25A
15057A05900744	000900100NH25A
15057A06200693	15057A06200693
15057A50100102	001300200NH25A
15057A50100110	15057A50100110
15057A50100152	001300200NH25A
15057A50100196	001300200NH25A
15057A50100317	001300200NH25A
15057A50100324	15057A50100110
15057A50100399	002400400NH25A
15057A50102037	001300200NH25A
15057A50102171	15057A50100110
15057A50200223	001504400NH25A
15057A50200573	002500100NH25A
15057A50201045	001504400NH25A
15057A50300005	15057A50300005
15057A50300025	15057A50300005
15057A50300093	15057A50300005
15057A50301009	15057A50300005
15057A50400030	000106100NH25A
15057A50400068	000106100NH25A
15057A50400092	000106100NH25A
15057A50400202	000106100NH25A
15057A50500214	15057A50500214
15057A50500313	15057A50500313
15057A50501033	15057A50500214
15057A50501040	15057A50500214
15057A50800184	001300100NH14H
15057A50800229	001300100NH14H
15057A50800358	15057A50800358
15057A50801021	001300100NH14H
15057A50805005	001300100NH14H
15057A50900091	001103300NH15D
15057A50900106	001103300NH15D
15057A50900133	001103300NH15D
15057A51100234	15057A51100234
15057A51100309	000900100NH15D
15057A51200358	001601200NH15B
15057A51200361	001601200NH15B
15057A51200418	15057A51200418
15057A51300031	15057A51300031
15057A51300033	15057A51300031
15057A51300052	15057A51300031
15057A51300053	15057A51300031
15057A51300087	000200600NH14G
15057A51300096	000200600NH14G
15057A51300160	000200600NH14G
15057A51300246	15057A51300246
15057A51304506	000200600NH14G
15057A51306111	000200600NH14G
15057A51400039	001301800NH15E
15057A51400059	001301800NH15E
15057A51400061	001301800NH15E
15057A51400065	001301800NH15E
15057A51400338	001301800NH15E
15057A51400373	15057A51400373
15057A51400374	15057A51400373
15057A51400647	000301000NH15C
15057A51401130	001301800NH15E
15057A51405087	000301000NH15C
15057A51600031	15057A51600031
15057A51600093	000900100NH05B
15057A51600101	000900100NH05B
15057A51600109	000900100NH05B
15057A51600198	000900100NH05B
15057A51600209	000900100NH05B
15057A51600307	15057A51600307
15057A51600388	000900100NH05B
15057A51600393	000900100NH05B
15057A51600689	001502000NH05B
15057A51600777	001502000NH05B
15057A51603006	000900100NH05B
15057A51605040	000900100NH05B
15057A51605073	001502000NH05B
15057A51700043	000700300NH25A
15057A51700138	001100100NH25A
15057A51700194	000700300NH25A
15057A51701009	000700300NH25A
15057A51800457	000500100NH15B
15057A51800515	000500100NH15B
15057B50300283	15057A50300005
15057B50301062	15057B50301062
15057B50801001	001200400NH14H
15057B51101045	002200100NH15D
15057B51200528	15057B51200528
15057B51200550	15057B51200528
15057C50600009	000801000NH14H
15057C50600039	000801000NH14H
15057C50600043	000801000NH14H
15057C50600044	000801000NH14H
15057C50800124	15057C50800124
15057C51500167	15057C51500167
15057C51700433	001100100NH25A
15057D50200045	002500100NH25A
15057D50501011	15057A50500214
15057E50801012	15057A50800358
15057E51200024	001400300NH15B
15057E51200032	001400300NH15B
15057E51200114	001400300NH15B
15057E51200236	15057E51200236
15057E51200238	15057E51200236
15057E51200770	001400300NH15B
15057F51300701	000900100NH14E
15057H50800387	15057A50800358
15057H50800398	15057A50800358
15057J50805002	15057A50800358
15057L00200001	000401500NH15C
15057L00200533	000401500NH15C
15057L00300203	000401600NH15C
15057L00300217	000401600NH15C
15057L00300218	000401600NH15C
15057L00401023	15057L00401023
15057L00500699	15057L00500699
15057L00700175	002100100NH15D
15057L00800843	001603300NH15D
15057M00100373	000400100NH14H
15057M00200638	000801000NH14H
15057M00200692	15057M00200692
15057M00200837	15057M00200692
15057M00400716	002000100NH15B
15057M00600229	15057M00600229
15057M00600240	15057M00600229
15057M00700294	15057M00700294
15057M00800582	15057M00800582
0011201NH2501S	0011201NH2501S
001200200NH15B	001200200NH15B
001806200NH25A	001806200NH25A
0024701NH1502S	0024701NH1502S
0032602NH1503S	0032602NH1503S
0032603NH1503S	0032602NH1503S
0032604NH1503S	0032602NH1503S
0033504NH1503S	0033504NH1503S
0033505NH1503S	0033504NH1503S
0033506NH1503S	0033504NH1503S
0033507NH1503S	0033504NH1503S
0034501NH1503S	0034503NH1503S
0034502NH1503S	0034503NH1503S
0034503NH1503S	0034503NH1503S
0034504NH1503S	0034503NH1503S
0035603NH1503N	0035603NH1503N
0038701NH1503N	0038701NH1503N
0117501NH1501N	0117501NH1501N
0117502NH1501N	0117501NH1501N
0117601NH1501N	0117601NH1501N
0117602NH1501N	0117601NH1501N
0117604NH1501N	0117601NH1501N
0117901NH1501N	0117902NH1501N
0117902NH1501N	0117902NH1501N
0121501NH1502S	0121501NH1502S
0121502NH1502S	0121501NH1502S
0124702NH1502S	0124702NH1502S
0125701NH2502N	0125701NH2502N
0125703NH2502N	0125701NH2502N
0125705NH2502N	0125701NH2502N
0126803NH2502N	0126803NH2502N
0133201NH1503S	0133201NH1503S
0133501NH1503S	0133505NH1503S
0133502NH1503S	0133505NH1503S
0133503NH1503S	0133505NH1503S
0133504NH1503S	0133505NH1503S
0133505NH1503S	0133505NH1503S
0134402NH1503S	0134402NH1503S
0134403NH1503S	0134402NH1503S
0134404NH1503S	0134402NH1503S
0134405NH1503S	0134402NH1503S
0139601NH1503N	0139601NH1503N
0139602NH1503N	0139601NH1503N
0140905NH1504S	0140905NH1504S
0140906NH1504S	0140905NH1504S
0143308NH1504S	0143308NH1504S
0143309NH1504S	0143308NH1504S
0144402NH1504S	0144403NH1504S
0144403NH1504S	0144403NH1504S
0144404NH1504S	0144403NH1504S
0144409NH1504S	0144403NH1504S
0146702NH1504N	0146702NH1504N
0146704NH1504N	0146702NH1504N
0146705NH1504N	0146702NH1504N
0213601NH1501S	0213601NH1501S
0213602NH1501S	0213601NH1501S
0217301NH1501N	0217301NH1501N
0221501NH1502S	0221501NH1502S
0224102NH2502S	0224102NH2502S
0224201NH2502S	0224203NH2502S
0224202NH2502S	0224203NH2502S
0224203NH2502S	0224203NH2502S
0224204NH2502S	0224204NH2502S
0224205NH2502S	0224204NH2502S
0224206NH2502S	0224204NH2502S
0224207NH2502S	0224204NH2502S
0224601NH2502S	0224601NH2502S
0226101NH2502N	0226102NH2502N
0226102NH2502N	0226102NH2502N
0226103NH2502N	0226102NH2502N
0226105NH2502N	0226102NH2502N
0226106NH2502N	0226102NH2502N
0232301NH1503S	0232301NH1503S
0232305NH1503S	0232301NH1503S
0232306NH1503S	0232301NH1503S
0232307NH1503S	0232301NH1503S
0233201NH1503S	0233201NH1503S
0240902NH1504S	0240902NH1504S
0240903NH1504S	0240902NH1504S
0240910NH1504S	0240902NH1504S
0240911NH1504S	0240902NH1504S
0242401NH1504S	0242402NH1504S
0242402NH1504S	0242402NH1504S
0242403NH1504S	0242402NH1504S
0243201NH1504S	0243201NH1504S
0243202NH1504S	0243201NH1504S
0243203NH1504S	0243201NH1504S
0243504NH1504S	0243504NH1504S
0243505NH1504S	0243504NH1504S
0243506NH1504S	0243504NH1504S
0243509NH1504S	0243504NH1504S
0243701NH1504S	0243703NH1504S
0243702NH1504S	0243703NH1504S
0243703NH1504S	0243703NH1504S
0244201NH1504S	0244203NH1504S
0244203NH1504S	0244203NH1504S
0244205NH1504S	0244203NH1504S
0244801NH1504S	0244801NH1504S
0244802NH1504S	0244801NH1504S
0244803NH1504S	0244801NH1504S
0244804NH1504S	0244801NH1504S
0244805NH1504S	0244801NH1504S
0245401NH1504N	0245401NH1504N
0245402NH1504N	0245401NH1504N
0245403NH1504N	0245401NH1504N
0245404NH1504N	0245401NH1504N
0245406NH1504N	0245401NH1504N
0245407NH1504N	0245401NH1504N
0245408NH1504N	0245401NH1504N
0245409NH1504N	0245401NH1504N
0245411NH1504N	0245401NH1504N
0245601NH1504N	0245601NH1504N
0245606NH1504N	0245601NH1504N
0245607NH1504N	0245601NH1504N
0246501NH1504N	0246501NH1504N
0246502NH1504N	0246501NH1504N
0246503NH1504N	0246501NH1504N
0246504NH1504N	0246501NH1504N
0246505NH1504N	0246501NH1504N
0246506NH1504N	0246501NH1504N
0246507NH1504N	0246501NH1504N
0246508NH1504N	0246512NH1504N
0246509NH1504N	0246512NH1504N
0246510NH1504N	0246501NH1504N
0246511NH1504N	0246501NH1504N
0246512NH1504N	0246512NH1504N
0248901NH1504N	0248901NH1504N
0248913NH1504N	0248901NH1504N
0248914NH1504N	0248901NH1504N
0248915NH1504N	0248901NH1504N
0321501NH1502S	0321502NH1502S
0321502NH1502S	0321502NH1502S
0322201NH1502S	0322201NH1502S
0324101NH2502S	0324101NH2502S
0324301NH2502S	0324301NH2502S
0324302NH2502S	0324301NH2502S
0324305NH2502S	0324301NH2502S
0324313NH2502S	0324301NH2502S
0324315NH2502S	0324301NH2502S
0324316NH2502S	0324301NH2502S
0324317NH2502S	0324301NH2502S
0324318NH2502S	0324301NH2502S
0343504NH1504S	0343504NH1504S
0343513NH1504S	0343504NH1504S
0343514NH1504S	0343504NH1504S
0343515NH1504S	0343504NH1504S
0343516NH1504S	0343504NH1504S
0343526NH1504S	0343504NH1504S
0345101NH1504N	0345101NH1504N
0345102NH1504N	0345101NH1504N
0345103NH1504N	0345101NH1504N
0345104NH1504N	0345101NH1504N
0345105NH1504N	0345101NH1504N
0345106NH1504N	0345101NH1504N
0345107NH1504N	0345101NH1504N
0345108NH1504N	0345101NH1504N
0345112NH1504N	0345101NH1504N
0345115NH1504N	0345101NH1504N
0346201NH1504N	0346201NH1504N
0346202NH1504N	0346201NH1504N
0346203NH1504N	0346201NH1504N
0346204NH1504N	0346201NH1504N
0346206NH1504N	0346207NH1504N
0346207NH1504N	0346207NH1504N
0346208NH1504N	0346209NH1504N
0346209NH1504N	0346209NH1504N
0346210NH1504N	0346207NH1504N
0346211NH1504N	0346209NH1504N
0346212NH1504N	0346209NH1504N
0346214NH1504N	0346201NH1504N
0347601NH1504N	0347601NH1504N
0347605NH1504N	0347601NH1504N
0347607NH1504N	0347601NH1504N
0347608NH1504N	0347601NH1504N
0347612NH1504N	0347614NH1504N
0347613NH1504N	0347614NH1504N
0347614NH1504N	0347614NH1504N
0347616NH1504N	0347601NH1504N
0347617NH1504N	0347601NH1504N
0348903NH1504N	0348903NH1504N
0348907NH1504N	0348903NH1504N
0348908NH1504N	0348903NH1504N
0348909NH1504N	0348903NH1504N
0348912NH1504N	0348913NH1504N
0348913NH1504N	0348913NH1504N
0349602NH1504N	0349602NH1504N
0349603NH1504N	0349602NH1504N
0349604NH1504N	0349602NH1504N
0349605NH1504N	0349602NH1504N
0414802NH1501S	0414802NH1501S
0445801NH1504N	0445801NH1504N
0445804NH1504N	0445801NH1504N
0445806NH1504N	0445801NH1504N
0445813NH1504N	0445801NH1504N
0445815NH1504N	0445815NH1504N
0445821NH1504N	0445801NH1504N
0445822NH1504N	0445801NH1504N
0445823NH1504N	0445801NH1504N
0445824NH1504N	0445801NH1504N
0445825NH1504N	0445801NH1504N
0445826NH1504N	0445801NH1504N
0445828NH1504N	0445801NH1504N
0445830NH1504N	0445801NH1504N
0449703NH1504N	0449703NH1504N
0449707NH1504N	0449703NH1504N
0449708NH1504N	0449703NH1504N
0449710NH1504N	0449703NH1504N
0449712NH1504N	0449703NH1504N
0449715NH1504N	0449703NH1504N
0449719NH1504N	0449703NH1504N
0513601NH1501S	0513602NH1501S
0513602NH1501S	0513602NH1501S
0513603NH1501S	0513602NH1501S
0525503NH2502S	0525503NH2502S
0615206NH2501N	0615206NH2501N
0619209NH2501N	0619209NH2501N
0619221NH2501N	0619209NH2501N
0619223NH2501N	0619209NH2501N
0620303NH2502S	0620303NH2502S
0620305NH2502S	0620303NH2502S
0623602NH2502S	0623602NH2502S
0623603NH2502S	0623602NH2502S
0623604NH2502S	0623602NH2502S
0623605NH2502S	0623602NH2502S
0623606NH2502S	0623602NH2502S
0624201NH2502S	0624201NH2502S
0624202NH2502S	0624201NH2502S
0624203NH2502S	0624201NH2502S
0624207NH2502S	0624201NH2502S
0624901NH2502S	0624901NH2502S
0624902NH2502S	0624901NH2502S
0624903NH2502S	0624901NH2502S
0720503NH2502S	0720503NH2502S
0723301NH2502S	0723301NH2502S
0723302NH2502S	0723301NH2502S
0723303NH2502S	0723301NH2502S
0723304NH2502S	0723301NH2502S
0723602NH2502S	0723602NH2502S
0748901NH1504N	0748901NH1504N
0748907NH1504N	0748901NH1504N
0749502NH1504N	0749502NH1504N
0769401NH1406N	0769401NH1406N
0770903NH1407S	0770903NH1407S
0806501NH2500N	0806501NH2500N
0820201NH2502S	0820201NH2502S
0820202NH2502S	0820201NH2502S
0820203NH2502S	0820201NH2502S
0820205NH2502S	0820201NH2502S
0820208NH2502S	0820201NH2502S
0820217NH2502S	0820201NH2502S
0820222NH2502S	0820201NH2502S
0820223NH2502S	0820223NH2502S
0821401NH2502S	0821401NH2502S
0821801NH2502S	0821801NH2502S
0822202NH2502S	0822202NH2502S
0822302NH2502S	0822302NH2502S
0822303NH2502S	0822302NH2502S
0822901NH2502S	0822901NH2502S
0822902NH2502S	0822901NH2502S
0822903NH2502S	0822901NH2502S
0823801NH2502S	0823801NH2502S
0823802NH2502S	0823801NH2502S
0823804NH2502S	0823801NH2502S
0823805NH2502S	0823801NH2502S
0823806NH2502S	0823801NH2502S
0823807NH2502S	0823801NH2502S
0848801NH1504N	0848801NH1504N
0848803NH1504N	0848801NH1504N
0849801NH1504N	0849801NH1504N
0849802NH1504N	0849801NH1504N
0870102NH1407S	0870102NH1407S
0870103NH1407S	0870102NH1407S
0870104NH1407S	0870102NH1407S
0870105NH1407S	0870102NH1407S
0870301NH1407S	0870301NH1407S
0906405NH2500N	0906405NH2500N
0906409NH2500N	0906405NH2500N
0914801NH2501S	0914801NH2501S
0914805NH2501S	0914801NH2501S
0914816NH2501S	0914801NH2501S
0914819NH2501S	0914801NH2501S
0914905NH2501S	0914905NH2501S
0914906NH2501S	0914905NH2501S
0914907NH2501S	0914905NH2501S
0914909NH2501S	0914905NH2501S
0920202NH2502S	0920202NH2502S
0920203NH2502S	0920202NH2502S
0920301NH2502S	0920302NH2502S
0920302NH2502S	0920302NH2502S
0920303NH2502S	0920302NH2502S
0922301NH2502S	0922301NH2502S
0922302NH2502S	0922302NH2502S
0922303NH2502S	0922302NH2502S
0922304NH2502S	0922301NH2502S
0922305NH2502S	0922301NH2502S
0922306NH2502S	0922301NH2502S
0922308NH2502S	0922302NH2502S
0922310NH2502S	0922310NH2502S
0922311NH2502S	0922301NH2502S
0924501NH2502S	0924501NH2502S
1000101NH2510S	1000101NH2510S
1000102NH2510S	1000101NH2510S
1000103NH2510S	1000101NH2510S
1000201NH2510S	1000201NH2510S
1000202NH2510S	1000201NH2510S
1000203NH2510S	1000201NH2510S
1000205NH2510S	1000201NH2510S
1000206NH2510S	1000201NH2510S
1000207NH2510S	1000201NH2510S
1000213NH2510S	1000201NH2510S
1000501NH2510S	1000501NH2510S
1000505NH2510S	1000501NH2510S
1000901NH2510S	1000903NH2510S
1000902NH2510S	1000903NH2510S
1000903NH2510S	1000903NH2510S
1001701NH2510S	1001701NH2510S
1001702NH2510S	1001701NH2510S
1001704NH2510S	1001701NH2510S
1001705NH2510S	1001701NH2510S
1001706NH2510S	1001701NH2510S
1004102NH2510S	1004102NH2510S
1004201NH2510S	1004201NH2510S
1004202NH2510S	1004201NH2510S
1004203NH2510S	1004201NH2510S
1004301NH2510S	1004301NH2510S
1004601NH2510S	1004601NH2510S
1004602NH2510S	1004601NH2510S
1004603NH2510S	1004601NH2510S
1004609NH2510S	1004601NH2510S
1004612NH2510S	1004612NH2510S
1004619NH2510S	1004601NH2510S
1004620NH2510S	1004601NH2510S
1004621NH2510S	1004601NH2510S
1004622NH2510S	1004601NH2510S
1004624NH2510S	1004601NH2510S
1004701NH2510S	1004701NH2510S
1004703NH2510S	1004701NH2510S
1004704NH2510S	1004701NH2510S
1004716NH2510S	1004716NH2510S
1004717NH2510S	1004716NH2510S
1004720NH2510S	1004701NH2510S
1024201NH2512S	1024201NH2512S
1024202NH2512S	1024201NH2512S
1024205NH2512S	1024201NH2512S
1024206NH2512S	1024206NH2512S
1024207NH2512S	1024206NH2512S
1024208NH2512S	1024206NH2512S
1024209NH2512S	1024206NH2512S
1024210NH2512S	1024201NH2512S
1024211NH2512S	1024206NH2512S
1024219NH2512S	1024201NH2512S
1024220NH2512S	1024201NH2512S
1024221NH2512S	1024201NH2512S
1024222NH2512S	1024206NH2512S
1024224NH2512S	1024206NH2512S
1025702NH2512N	1025702NH2512N
1025703NH2512N	1025702NH2512N
1025704NH2512N	1025702NH2512N
1025705NH2512N	1025702NH2512N
1100301NH2510S	1100301NH2510S
1102902NH2510S	1102902NH2510S
1103601NH2510S	1103601NH2510S
1103602NH2510S	1103601NH2510S
1103603NH2510S	1103601NH2510S
1103605NH2510S	1103605NH2510S
1103608NH2510S	1103605NH2510S
1103609NH2510S	1103601NH2510S
1109202NH2510N	1109202NH2510N
1109203NH2510N	1109202NH2510N
1109204NH2510N	1109202NH2510N
1109205NH2510N	1109202NH2510N
1109207NH2510N	1109207NH2510N
1109208NH2510N	1109207NH2510N
1109210NH2510N	1109202NH2510N
1110401NH2511S	1110401NH2511S
1110404NH2511S	1110401NH2511S
1114601NH2511S	1114601NH2511S
1114602NH2511S	1114601NH2511S
1114603NH2511S	1114601NH2511S
1114604NH2511S	1114601NH2511S
1114605NH2511S	1114601NH2511S
1114606NH2511S	1114601NH2511S
1116501NH2511N	1116501NH2511N
1116502NH2511N	1116501NH2511N
1116503NH2511N	1116501NH2511N
1117901NH2511N	1117901NH2511N
1117903NH2511N	1117901NH2511N
1117905NH2511N	1117901NH2511N
1117906NH2511N	1117901NH2511N
1122701NH2512S	1122701NH2512S
1123204NH2512N	1123204NH2512N
1123301NH2512S	1123301NH2512S
1123302NH2512S	1123301NH2512S
1123303NH2512S	1123301NH2512S
1123305NH2512N	1123301NH2512S
1123308NH2512S	1123301NH2512S
1123310NH2512S	1123301NH2512S
1123316NH2512S	1123301NH2512S
1123317NH2512S	1123301NH2512S
1123501NH2512S	1123501NH2512S
1123503NH2512N	1123501NH2512S
1124201NH2512S	1124201NH2512S
1124203NH2512S	1124201NH2512S
1147601NH1514N	1147601NH1514N
1147603NH1514N	1147601NH1514N
1147604NH1514N	1147601NH1514N
1147605NH1514N	1147601NH1514N
1147606NH1514N	1147601NH1514N
1147607NH1514N	1147601NH1514N
1147608NH1514N	1147601NH1514N
1147609NH1514N	1147601NH1514N
1147610NH1514N	1147610NH1514N
1147612NH1514N	1147610NH1514N
1204601NH2510S	1204601NH2510S
1204602NH2510S	1204601NH2510S
1204603NH2510S	1204601NH2510S
1204604NH2510S	1204601NH2510S
1204605NH2510S	1204601NH2510S
1204608NH2510S	1204601NH2510S
1204609NH2510S	1204609NH2510S
1204610NH2510S	1204610NH2510S
1204611NH2510S	1204601NH2510S
1204612NH2510S	1204601NH2510S
1204613NH2510S	1204610NH2510S
1204614NH2510S	1204609NH2510S
1204615NH2510S	1204610NH2510S
1204618NH2510S	1204609NH2510S
1204619NH2510S	1204609NH2510S
1206302NH2510N	1206302NH2510N
1206304NH2510N	1206302NH2510N
1206305NH2510N	1206302NH2510N
1206306NH2510S	1206302NH2510N
1206308NH2510N	1206308NH2510N
1206310NH2510N	1206302NH2510N
1208105NH2510N	1208105NH2510N
1208106NH2510N	1208105NH2510N
1209601NH2510N	1209601NH2510N
1209602NH2510N	1209601NH2510N
1209604NH2510N	1209601NH2510N
1210101NH2511S	1210107NH2511S
1210102NH2511S	1210107NH2511S
1210103NH2511S	1210107NH2511S
1210104NH2511S	1210107NH2511S
1210105NH2511S	1210107NH2511S
1210106NH2511S	1210107NH2511S
1210107NH2511S	1210107NH2511S
1212303NH2511S	1212304NH2511S
1212304NH2511S	1212304NH2511S
1212305NH2511S	1212304NH2511S
1212306NH2511S	1212304NH2511S
1212307NH2511S	1212304NH2511S
1212311NH2511S	1212304NH2511S
1213702NH2511S	1213702NH2511S
1213703NH2511S	1213702NH2511S
1213704NH2511S	1213702NH2511S
1213705NH2511S	1213702NH2511S
1213706NH2511S	1213702NH2511S
1214101NH2511S	1214101NH2511S
1214301NH2511S	1214301NH2511S
1214302NH2511S	1214301NH2511S
1214601NH2511S	1214601NH2511S
1214602NH2511S	1214601NH2511S
1214603NH2511S	1214601NH2511S
1214604NH2511S	1214601NH2511S
1214605NH2511S	1214601NH2511S
1214607NH2511S	1214607NH2511S
1214608NH2511S	1214607NH2511S
1214610NH2511S	1214601NH2511S
1214612NH2511S	1214607NH2511S
1214613NH2511S	1214613NH2511S
1215601NH2511N	1215601NH2511N
1215801NH2511N	1215801NH2511N
1215802NH2511N	1215801NH2511N
1215803NH2511N	1215801NH2511N
1227503NH1512N	1227508NH1512N
1227504NH1512N	1227508NH1512N
1227505NH1512N	1227508NH1512N
1227506NH1512N	1227508NH1512N
1227507NH1512N	1227508NH1512N
1227508NH1512N	1227508NH1512N
1227701NH1512N	1227701NH1512N
1227702NH1512N	1227701NH1512N
1227703NH1512N	1227701NH1512N
1227705NH1512N	1227701NH1512N
1228401NH1512N	1228401NH1512N
1228402NH1512N	1228401NH1512N
1228403NH1512N	1228401NH1512N
1228404NH1512N	1228401NH1512N
1228405NH1512N	1228401NH1512N
1228407NH1512N	1228401NH1512N
1229402NH1512N	1229402NH1512N
1247501NH1514N	1247501NH1514N
1247505NH1514N	1247501NH1514N
1248902NH1514N	1248902NH1514N
1248903NH1514N	1248902NH1514N
1307502NH2510N	1307502NH2510N
1307504NH2510N	1307502NH2510N
1307505NH2510N	1307502NH2510N
1307506NH2510N	1307502NH2510N
1307507NH2512N	1307502NH2510N
1307601NH2510N	1307601NH2510N
1307602NH2510N	1307601NH2510N
1307603NH2510N	1307601NH2510N
1307604NH2510N	1307601NH2510N
1308201NH2510N	1308202NH2510N
1308202NH2510N	1308202NH2510N
1308203NH2510N	1308202NH2510N
1308204NH2510N	1308202NH2510N
1308301NH2510N	1308301NH2510N
1308304NH2510N	1308301NH2510N
1308305NH2510N	1308301NH2510N
1308306NH2510N	1308301NH2510N
1308801NH2510N	1308801NH2510N
1308802NH2510N	1308801NH2510N
1311303NH2511S	1311303NH2511S
1311308NH2511S	1311303NH2511S
1311311NH2511S	1311303NH2511S
1311312NH2511S	1311303NH2511S
1311313NH2511S	1311303NH2511S
1311314NH2511S	1311303NH2511S
1311315NH2511S	1311303NH2511S
1311316NH2511S	1311303NH2511S
1311317NH2511S	1311303NH2511S
1314301NH2511S	1314302NH2511S
1314302NH2511S	1314302NH2511S
1314401NH2511S	1314401NH2511S
1314402NH2511S	1314401NH2511S
1314403NH2511S	1314401NH2511S
1314404NH2511S	1314401NH2511S
1314405NH2511S	1314401NH2511S
1314406NH2511S	1314401NH2511S
1314601NH2511S	1314601NH2511S
1314602NH2511S	1314604NH2511S
1314603NH2511S	1314604NH2511S
1314604NH2511S	1314604NH2511S
1314605NH2511S	1314604NH2511S
1314606NH2511S	1314601NH2511S
1314608NH2511S	1314601NH2511S
1314609NH2511S	1314601NH2511S
1314610NH2511S	1314601NH2511S
1314611NH2511S	1314601NH2511S
1315201NH2511N	1315201NH2511N
1315202NH2511N	1315201NH2511N
1315203NH2511N	1315201NH2511N
1315804NH2511N	1315804NH2511N
1315806NH2511N	1315806NH2511N
1315807NH2511N	1315806NH2511N
1315808NH2511N	1315806NH2511N
1315809NH2511N	1315806NH2511N
1315810NH2511N	1315810NH2511N
1315811NH2511N	1315810NH2511N
1315812NH2511N	1315810NH2511N
1315814NH2511N	1315804NH2511N
1315815NH2511N	1315804NH2511N
1315816NH2511N	1315804NH2511N
1319104NH2511N	1319104NH2511N
1319105NH2511N	1319104NH2511N
1327807NH1512N	1327807NH1512N
1328101NH1512N	1328101NH1512N
1328105NH1512N	1328101NH1512N
1329904NH1512N	1329904NH1512N
1329906NH1512N	1329904NH1512N
1380801NH1418S	1380801NH1418S
1381101NH1418S	1381101NH1418S
1387601NH1418N	1387601NH1418N
1389601NH1418N	1389601NH1418N
1403501NH2510S	1403501NH2510S
1403502NH2510S	1403501NH2510S
1403520NH2510S	1403501NH2510S
1403521NH2510S	1403501NH2510S
1403901NH2510S	1403901NH2510S
1403902NH2510S	1403901NH2510S
1404504NH2510S	1404504NH2510S
1404505NH2510S	1404504NH2510S
1404602NH2510S	1404602NH2510S
1405401NH2510N	1405401NH2510N
1410301NH2511S	1410307NH2511S
1410302NH2511S	1410307NH2511S
1410303NH2511S	1410307NH2511S
1410304NH2511S	1410307NH2511S
1410305NH2511S	1410307NH2511S
1410306NH2511S	1410307NH2511S
1410307NH2511S	1410307NH2511S
1410310NH2510N	1410310NH2510N
1410313NH2511S	1410313NH2511S
1410317NH2511S	1410310NH2510N
1412301NH2511S	1412301NH2511S
1412302NH2511S	1412301NH2511S
1412303NH2511S	1412301NH2511S
1412304NH2511S	1412301NH2511S
1412305NH2511S	1412305NH2511S
1412306NH2511S	1412305NH2511S
1412307NH2511S	1412305NH2511S
1412308NH2511S	1412305NH2511S
1412309NH2511S	1412309NH2511S
1412310NH2511S	1412310NH2511S
1412311NH2511S	1412310NH2511S
1412312NH2511S	1412310NH2511S
1412313NH2511S	1412310NH2511S
1412314NH2511S	1412310NH2511S
1412315NH2511S	1412310NH2511S
1412319NH2511S	1412319NH2511S
1412320NH2511S	1412319NH2511S
1412321NH2511S	1412319NH2511S
1412322NH2511S	1412319NH2511S
1412323NH2511S	1412319NH2511S
1412324NH2411S	1412309NH2511S
1412327NH2511S	1412319NH2511S
1412328NH2511S	1412309NH2511S
1412329NH2511S	1412309NH2511S
1412330NH2511S	1412309NH2511S
1412334NH2511S	1412334NH2511S
1412335NH2511S	1412334NH2511S
1412336NH2511S	1412334NH2511S
1412338NH2511S	1412334NH2511S
1412344NH2511S	1412309NH2511S
1412346NH2511S	1412309NH2511S
1412352NH2511S	1412309NH2511S
1412354NH2511S	1412319NH2511S
1462703NH1516S	1462703NH1516S
1462902NH1516S	1462904NH1516S
1462903NH1516S	1462904NH1516S
1462904NH1516S	1462904NH1516S
1462905NH1516S	1462904NH1516S
1462906NH1516S	1462904NH1516S
1462907NH1516S	1462904NH1516S
1463501NH1516S	1463501NH1516S
1463502NH1516S	1463501NH1516S
1463503NH1516S	1463501NH1516S
1463504NH1516S	1463501NH1516S
1463701NH1516S	1463701NH1516S
1476501NH1417N	1476501NH1417N
1476502NH1417N	1476501NH1417N
1478701NH1417N	1478701NH1417N
1486301NH1418N	1486301NH1418N
1486302NH1418N	1486301NH1418N
1487501NH1418N	1487501NH1418N
1487504NH1418N	1487501NH1418N
1489401NH1418N	1489401NH1418N
1489402NH1418N	1489401NH1418N
1489403NH1418N	1489404NH1418N
1489404NH1418N	1489404NH1418N
1489406NH1418N	1489401NH1418N
1489407NH1418N	1489401NH1418N
1489601NH1418N	1489601NH1418N
1489701NH1418N	1489701NH1418N
1489702NH1418N	1489701NH1418N
1489801NH1418N	1489801NH1418N
1505401NH2510N	1505401NH2510N
1505408NH2510N	1505408NH2510N
1505409NH2510N	1505408NH2510N
1505410NH2510N	1505408NH2510N
1505413NH2510N	1505401NH2510N
1505414NH2510N	1505401NH2510N
1505415NH2510N	1505401NH2510N
1505416NH2510N	1505401NH2510N
1505417NH2510N	1505401NH2510N
1509101NH2511S	1509101NH2511S
1509105NH2511S	1509101NH2511S
1509108NH2510N	1509101NH2511S
1509109NH2510N	1509126NH2510N
1509111NH2510N	1509126NH2510N
1509112NH2510N	1509126NH2510N
1509113NH2510N	1509126NH2510N
1509114NH2510N	1509126NH2510N
1509115NH2510N	1509126NH2510N
1509116NH2510N	1509126NH2510N
1509117NH2510N	1509126NH2510N
1509118NH2510N	1509126NH2510N
1509119NH2510N	1509126NH2510N
1509120NH2510N	1509126NH2510N
1509121NH2510N	1509126NH2510N
1509122NH2511S	1509126NH2510N
1509123NH2510N	1509126NH2510N
1509124NH2510N	1509126NH2510N
1509125NH2510N	1509126NH2510N
1509126NH2510N	1509126NH2510N
1509127NH2510N	1509126NH2510N
1509128NH2510N	1509126NH2510N
1509129NH2510N	1509126NH2510N
1509130NH2510N	1509126NH2510N
1509131NH2510N	1509126NH2510N
1509132NH2510N	1509126NH2510N
1509133NH2510N	1509126NH2510N
1509134NH2510N	1509126NH2510N
1509135NH2510N	1509126NH2510N
1509136NH2510N	1509126NH2510N
1509138NH2510N	1509126NH2510N
1509141NH2510N	1509101NH2511S
1509142NH2510N	1509126NH2510N
1509146NH2510N	1509146NH2510N
1509147NH2510N	1509101NH2511S
1509148NH2510N	1509101NH2511S
1509159NH2510N	1509126NH2510N
1511901NH2511S	1511951NH2511S
1511905NH2511S	1511951NH2511S
1511906NH2511S	1511951NH2511S
1511907NH2511S	1511951NH2511S
1511908NH2511S	1511951NH2511S
1511909NH2511S	1511951NH2511S
1511910NH2511S	1511951NH2511S
1511911NH2511S	1511951NH2511S
1511912NH2511S	1511951NH2511S
1511913NH2511S	1511951NH2511S
1511914NH2511S	1511951NH2511S
1511916NH2511S	1511951NH2511S
1511917NH2511S	1511951NH2511S
1511918NH2511S	1511951NH2511S
1511919NH2511S	1511951NH2511S
1511920NH2511S	1511969NH2510N
1511921NH2511S	1511969NH2510N
1511922NH2511S	1511969NH2510N
1511923NH2511S	1511969NH2510N
1511924NH2511S	1511969NH2510N
1511925NH2511S	1511969NH2510N
1511926NH2511S	1511969NH2510N
1511927NH2511S	1511969NH2510N
1511932NH2510N	1511932NH2510N
1511933NH2510N	1511932NH2510N
1511934NH2510N	1511932NH2510N
1511935NH2510N	1511932NH2510N
1511936NH2510N	1511932NH2510N
1511937NH2510N	1511932NH2510N
1511938NH2510N	1511938NH2510N
1511942NH2511S	1511938NH2510N
1511943NH2511S	1511938NH2510N
1511944NH2511S	1511944NH2511S
1511945NH2511S	1511944NH2511S
1511946NH2511S	1511944NH2511S
1511947NH2511S	1511944NH2511S
1511948NH2511S	1511950NH2511S
1511950NH2511S	1511950NH2511S
1511951NH2511S	1511951NH2511S
1511954NH2511S	1511951NH2511S
1511956NH2511S	1511951NH2511S
1511958NH2511S	1511951NH2511S
1511959NH2511S	1511951NH2511S
1511964NH2511S	1511950NH2511S
1511967NH2510N	1511969NH2510N
1511969NH2510N	1511969NH2510N
1511970NH2511S	1511938NH2510N
1511971NH2511S	1511951NH2511S
1511972NH2511S	1511951NH2511S
1511973NH2510N	1511932NH2510N
1514701NH2511N	1514701NH2511N
1514702NH2511N	1514701NH2511N
1514706NH2511N	1514701NH2511N
1514707NH2511S	1514701NH2511N
1514710NH2511S	1514710NH2511S
1514711NH2511S	1514714NH2511S
1514712NH2511S	1514714NH2511S
1514713NH2511S	1514714NH2511S
1514714NH2511S	1514714NH2511S
1514718NH2511S	1514718NH2511S
1514722NH2511S	1514710NH2511S
1514726NH2511S	1514726NH2511S
1514728NH2511S	1514726NH2511S
1514729NH2511S	1514726NH2511S
1514730NH2511S	1514726NH2511S
1514731NH2511N	1514726NH2511S
1514734NH2511S	1514735NH2511S
1514735NH2511S	1514735NH2511S
1514736NH2511S	1514735NH2511S
1514738NH2511N	1514710NH2511S
1514740NH2511N	1514735NH2511S
1514751NH2511N	1514701NH2511N
1514760NH2511S	1514710NH2511S
1514765NH2511S	1514718NH2511S
1514767NH2511S	1514726NH2511S
1514768NH2511S	1514726NH2511S
1514902NH2511S	1514902NH2511S
1563501NH1516S	1563501NH1516S
1563502NH1516S	1563503NH1516S
1563503NH1516S	1563503NH1516S
1563505NH1516S	1563501NH1516S
1563506NH1516S	1563501NH1516S
1563507NH1516S	1563501NH1516S
1563509NH1516S	1563503NH1516S
1579801NH1417N	1579801NH1417N
1579802NH1417N	1579801NH1417N
1581101NH1418S	1581101NH1418S
1581106NH1418S	1581101NH1418S
1588301NH1418N	1588301NH1418N
1588302NH1418N	1588303NH1418N
1588303NH1418N	1588303NH1418N
1588304NH1418N	1588301NH1418N
1588305NH1418N	1588301NH1418N
1588306NH1418N	1588301NH1418N
1589201NH1418N	1589201NH1418N
1590201NH1419S	1590201NH1419S
1590203NH1419S	1590201NH1419S
1590205NH1419S	1590201NH1419S
1601902NH2510S	1601902NH2510S
1601903NH2510S	1601902NH2510S
1609101NH2511S	1609137NH2510N
1609102NH2510N	1609137NH2510N
1609104NH2510N	1609104NH2510N
1609106NH2511S	1609153NH2511S
1609107NH2511S	1609153NH2511S
1609110NH2511S	1609153NH2511S
1609111NH2511S	1609153NH2511S
1609112NH2511S	1609153NH2511S
1609114NH2511S	1609114NH2511S
1609116NH2511S	1609141NH2510N
1609117NH2511S	1609141NH2510N
1609118NH2511S	1609141NH2510N
1609119NH2510N	1609114NH2511S
1609120NH2510N	1609104NH2510N
1609121NH2510N	1609104NH2510N
1609122NH2510N	1609104NH2510N
1609123NH2510N	1609104NH2510N
1609124NH2510N	1609104NH2510N
1609125NH2510N	1609137NH2510N
1609126NH2510N	1609137NH2510N
1609127NH2510N	1609137NH2510N
1609128NH2510N	1609137NH2510N
1609129NH2510N	1609137NH2510N
1609130NH2510N	1609137NH2510N
1609131NH2510N	1609137NH2510N
1609132NH2510N	1609137NH2510N
1609133NH2510N	1609137NH2510N
1609136NH2510N	1609137NH2510N
1609137NH2510N	1609137NH2510N
1609139NH2510N	1609137NH2510N
1609141NH2510N	1609141NH2510N
1609153NH2511S	1609153NH2511S
1611201NH2511S	1611207NH2511S
1611202NH2511S	1611207NH2511S
1611203NH2511S	1611207NH2511S
1611204NH2511S	1611207NH2511S
1611205NH2511S	1611207NH2511S
1611206NH2511S	1611207NH2511S
1611207NH2511S	1611207NH2511S
1611208NH2511S	1611207NH2511S
1611214NH2511S	1611216NH2511S
1611215NH2511S	1611216NH2511S
1611216NH2511S	1611216NH2511S
1611217NH2511S	1611216NH2511S
1611218NH2511S	1611216NH2511S
1611501NH2511S	1611515NH2511S
1611502NH2511S	1611515NH2511S
1611503NH2511S	1611515NH2511S
1611504NH2511S	1611515NH2511S
1611505NH2511S	1611515NH2511S
1611506NH2511S	1611515NH2511S
1611508NH2511S	1611515NH2511S
1611515NH2511S	1611515NH2511S
1613702NH2511S	1613712NH2511S
1613703NH2511S	1613712NH2511S
1613704NH2511S	1613712NH2511S
1613705NH2511S	1613712NH2511S
1613706NH2511S	1613712NH2511S
1613708NH2511S	1613712NH2511S
1613709NH2511S	1613712NH2511S
1613710NH2511S	1613712NH2511S
1613711NH2511S	1613712NH2511S
1613712NH2511S	1613712NH2511S
1695701NH1419N	1695701NH1419N
1695702NH1419N	1695701NH1419N
1695703NH1419N	1695701NH1419N
1695704NH1419N	1695701NH1419N
1695705NH1419N	1695701NH1419N
1695706NH1419N	1695701NH1419N
1695707NH1419N	1695701NH1419N
1700303NH1510S	1700303NH1510S
1700304NH1510S	1700303NH1510S
1700305NH1510S	1700303NH1510S
1700307NH1510S	1700303NH1510S
1700308NH1510S	1700303NH1510S
1700309NH1510S	1700303NH1510S
1700310NH1510S	1700303NH1510S
1700312NH1510S	1700303NH1510S
1700901NH1510S	1700902NH1510S
1700902NH1510S	1700902NH1510S
1700903NH1510S	1700902NH1510S
1701201NH1510S	1701201NH1510S
1701202NH1510S	1701201NH1510S
1701205NH1510S	1701201NH1510S
1710201NH2511S	1710205NH2511S
1710202NH2511S	1710205NH2511S
1710203NH2511S	1710205NH2511S
1710205NH2511S	1710205NH2511S
1710206NH2511S	1710205NH2511S
1710207NH2511S	1710205NH2511S
1710208NH2511S	1710205NH2511S
1710209NH2511S	1710205NH2511S
1710210NH2511S	1710205NH2511S
1710211NH2511S	1710205NH2511S
1710212NH2511S	1710205NH2511S
1710213NH2511S	1710205NH2511S
1710214NH2511S	1710205NH2511S
1710215NH2511S	1710205NH2511S
1710216NH2511S	1710205NH2511S
1710217NH2511S	1710205NH2511S
1710218NH2511S	1710205NH2511S
1711101NH2511S	1711104NH2511S
1711102NH2511S	1711104NH2511S
1711103NH2511S	1711104NH2511S
1711104NH2511S	1711104NH2511S
1711105NH2511S	1711104NH2511S
1711106NH2511S	1711104NH2511S
1711107NH2511S	1711104NH2511S
1711108NH2511S	1711104NH2511S
1711109NH2511S	1711104NH2511S
1711110NH2511S	1711104NH2511S
1711112NH2511S	1711112NH2511S
1711113NH2511S	1711112NH2511S
1711116NH2511S	1711104NH2511S
1712301NH2511S	1712306NH2511S
1712302NH2511S	1712306NH2511S
1712303NH2511S	1712306NH2511S
1712304NH2511S	1712306NH2511S
1712305NH2511S	1712306NH2511S
1712306NH2511S	1712306NH2511S
1712309NH2511S	1712306NH2511S
1712310NH2511S	1712306NH2511S
1712311NH2511S	1712306NH2511S
1712312NH2511S	1712306NH2511S
1712313NH2511S	1712306NH2511S
1712318NH2511S	1712306NH2511S
1712319NH2511S	1712306NH2511S
1712701NH2511S	1712707NH2511S
1712702NH2511S	1712707NH2511S
1712703NH2511S	1712707NH2511S
1712704NH2511S	1712707NH2511S
1712705NH2511S	1712707NH2511S
1712706NH2511S	1712707NH2511S
1712707NH2511S	1712707NH2511S
1712709NH2511S	1712707NH2511S
1712710NH2511S	1712707NH2511S
1712711NH2511S	1712707NH2511S
1712712NH2511S	1712707NH2511S
1712713NH2511S	1712707NH2511S
1712714NH2511S	1712707NH2511S
1712716NH2511S	1712707NH2511S
1712717NH2511S	1712707NH2511S
1712718NH2511S	1712707NH2511S
1712719NH2511S	1712707NH2511S
1712720NH2511S	1712707NH2511S
1712721NH2511S	1712707NH2511S
1712901NH2511S	1712904NH2511S
1712902NH2511S	1712904NH2511S
1712903NH2511S	1712904NH2511S
1712904NH2511S	1712904NH2511S
1712905NH2511S	1712904NH2511S
1712906NH2511S	1712904NH2511S
1712907NH2511S	1712904NH2511S
1712908NH2511S	1712904NH2511S
1712909NH2511S	1712904NH2511S
1712910NH2511S	1712904NH2511S
1712911NH2511S	1712904NH2511S
1712912NH2511S	1712904NH2511S
1712913NH2511S	1712904NH2511S
1712914NH2511S	1712904NH2511S
1712915NH2511S	1712904NH2511S
1712916NH2511S	1712904NH2511S
1712917NH2511S	1712904NH2511S
1712918NH2511S	1712904NH2511S
1712919NH2511S	1712904NH2511S
1712920NH2511S	1712904NH2511S
1714102NH2511S	1714102NH2511S
1714104NH2511S	1714102NH2511S
1714110NH2511S	1714110NH2511S
1714112NH2511S	1714110NH2511S
1714113NH2511S	1714110NH2511S
1714114NH2511S	1714110NH2511S
1714115NH2511S	1714110NH2511S
1714116NH2511S	1714110NH2511S
1714117NH2511S	1714110NH2511S
1714118NH2511S	1714110NH2511S
1714121NH2511S	1714102NH2511S
1714122NH2511S	1714102NH2511S
1715401NH2511S	1715401NH2511S
1715805NH2511S	1715805NH2511S
1715807NH2511N	1715805NH2511S
1715810NH2511S	1715805NH2511S
1715818NH2511S	1715829NH2511S
1715819NH2511S	1715820NH2511S
1715820NH2511S	1715820NH2511S
1715822NH2511S	1715820NH2511S
1715823NH2511S	1715820NH2511S
1715824NH2511S	1715820NH2511S
1715828NH2511S	1715829NH2511S
1715829NH2511S	1715829NH2511S
1715830NH2511S	1715829NH2511S
1716301NH2511N	1716306NH2511N
1716302NH2511N	1716306NH2511N
1716303NH2511N	1716306NH2511N
1716304NH2511N	1716306NH2511N
1716305NH2511N	1716306NH2511N
1716306NH2511N	1716306NH2511N
1716307NH2511N	1716307NH2511N
1716308NH2511N	1716307NH2511N
1716310NH2511N	1716306NH2511N
1716311NH2511N	1716306NH2511N
1716502NH2511N	1716502NH2511N
1716503NH2511N	1716505NH2511N
1716504NH2511N	1716505NH2511N
1716505NH2511N	1716505NH2511N
1716506NH2511N	1716505NH2511N
1716507NH2511N	1716505NH2511N
1716604NH2511N	1716604NH2511N
1717401NH2511N	1717401NH2511N
1717402NH2511N	1717401NH2511N
1782402NH1418S	1782403NH1418S
1782403NH1418S	1782403NH1418S
1783601NH1418S	1783601NH1418S
1794901NH1419S	1794901NH1419S
1799501NH1419N	1799501NH1419N
1799502NH1419N	1799501NH1419N
1799504NH1419N	1799504NH1419N
1799506NH1419N	1799504NH1419N
1799507NH1419N	1799501NH1419N
1799508NH1419N	1799501NH1419N
1799509NH1419N	1799501NH1419N
1799510NH1419N	1799501NH1419N
1799511NH1419N	1799501NH1419N
1799512NH1419N	1799501NH1419N
1799513NH1419N	1799501NH1419N
1799514NH1419N	1799501NH1419N
1802103NH1510S	1802103NH1510S
1802104NH1510S	1802103NH1510S
1802105NH1510S	1802103NH1510S
1802106NH1510S	1802103NH1510S
1802107NH1510S	1802103NH1510S
1802108NH1510S	1802103NH1510S
1802110NH1510S	1802103NH1510S
1802111NH1510S	1802103NH1510S
1806102NH2510N	1806102NH2510N
1806103NH2510N	1806102NH2510N
1806109NH2510N	1806102NH2510N
1806111NH2510N	1806102NH2510N
1806118NH2510N	1806102NH2510N
1806121NH2510N	1806102NH2510N
1811901NH2511S	1811901NH2511S
1811902NH2511S	1811901NH2511S
1811903NH2511S	1811921NH2511S
1811904NH2511S	1811921NH2511S
1811905NH2511S	1811921NH2511S
1811906NH2511S	1811921NH2511S
1811907NH2511S	1811921NH2511S
1811908NH2511S	1811921NH2511S
1811909NH2511S	1811921NH2511S
1811910NH2511S	1811921NH2511S
1811911NH2511S	1811901NH2511S
1811912NH2511S	1811921NH2511S
1811914NH2511S	1811921NH2511S
1811915NH2511S	1811921NH2511S
1811916NH2511S	1811921NH2511S
1811917NH2511S	1811921NH2511S
1811919NH2511S	1811901NH2511S
1811921NH2511S	1811921NH2511S
1813201NH2511S	1813201NH2511S
1813202NH2511S	1813201NH2511S
1813210NH2511S	1813219NH2511S
1813211NH2511S	1813219NH2511S
1813212NH2511S	1813219NH2511S
1813216NH2511S	1813219NH2511S
1813219NH2511S	1813219NH2511S
1813220NH2511S	1813220NH2511S
1813221NH2511S	1813220NH2511S
1813222NH2511S	1813220NH2511S
1813223NH2511S	1813220NH2511S
1813224NH2511S	1813220NH2511S
1813225NH2511S	1813220NH2511S
1813226NH2511S	1813220NH2511S
1813227NH2511S	1813220NH2511S
1813228NH2511S	1813201NH2511S
1813229NH2511S	1813201NH2511S
1813230NH2511S	1813201NH2511S
1813231NH2511S	1813201NH2511S
1813232NH2511S	1813220NH2511S
1813233NH2511S	1813233NH2511S
1813234NH2511S	1813233NH2511S
1813235NH2511S	1813233NH2511S
1813236NH2511S	1813233NH2511S
1813237NH2511S	1813201NH2511S
1816102NH2511N	1816105NH2511N
1816105NH2511N	1816105NH2511N
1882902NH1418S	1882902NH1418S
1882903NH1418S	1882902NH1418S
1883402NH1418S	1883402NH1418S
1901101NH1510S	1901101NH1510S
1904502NH2510S	1904502NH2510S
1906902NH2510N	1906902NH2510N
1906903NH2510N	1906902NH2510N
1906904NH2510N	1906902NH2510N
1906906NH2510N	1906902NH2510N
1906909NH2510N	1906909NH2510N
1906910NH2510N	1906902NH2510N
1906911NH2510N	1906909NH2510N
1906915NH2510N	1906902NH2510N
1907202NH2510N	1907202NH2510N
1907203NH2510N	1907202NH2510N
1907204NH2510N	1907202NH2510N
1907207NH2510N	1907207NH2510N
1907208NH2510N	1907202NH2510N
1907210NH2510N	1907202NH2510N
1907212NH2510N	1907202NH2510N
1907213NH2510N	1907207NH2510N
1913808NH2511S	1913808NH2511S
1914101NH2511S	1914101NH2511S
1914102NH2511S	1914101NH2511S
1951802NH1515S	1951802NH1515S
1982202NH1418S	1982202NH1418S
1983201NH1418S	1983201NH1418S
1983801NH1418S	1983801NH1418S
1984201NH1418S	1984201NH1418S
1984203NH1418S	1984201NH1418S
1984204NH1418S	1984201NH1418S
1984205NH1418S	1984201NH1418S
1984209NH1418S	1984201NH1418S
1984212NH1418S	1984201NH1418S
2009601NH2520N	2009601NH2520N
2009801NH2520N	2009806NH2520N
2009802NH2520N	2009806NH2520N
2009803NH2520N	2009806NH2520N
2009804NH2520N	2009806NH2520N
2009805NH2520N	2009806NH2520N
2009806NH2520N	2009806NH2520N
2009807NH2520N	2009807NH2520N
2009812NH2520N	2009807NH2520N
2009814NH2520N	2009807NH2520N
2009815NH2520N	2009807NH2520N
2009816NH2520N	2009807NH2520N
2009819NH2520N	2009806NH2520N
2009820NH2520N	2009806NH2520N
2009821NH2520N	2009807NH2520N
2010501NH2511S	2010501NH2511S
2010502NH2511S	2010501NH2511S
2010503NH2511S	2010501NH2511S
2010504NH2511S	2010501NH2511S
2010506NH2521S	2010506NH2521S
2010507NH2511S	2010506NH2521S
2010508NH2521S	2010508NH2521S
2010509NH2521S	2010508NH2521S
2010510NH2511S	2010508NH2521S
2010511NH2521S	2010508NH2521S
2010512NH2521S	2010508NH2521S
2010513NH2521S	2010506NH2521S
2010514NH2521S	2010506NH2521S
2010515NH2521S	2010501NH2511S
2010516NH2521S	2010506NH2521S
2010518NH2521S	2010501NH2511S
2011501NH2521S	2011501NH2521S
2011801NH2521S	2011808NH2521S
2011802NH2521S	2011808NH2521S
2011803NH2521S	2011808NH2521S
2011804NH2521S	2011808NH2521S
2011805NH2521S	2011808NH2521S
2011806NH2521S	2011808NH2521S
2011807NH2521S	2011808NH2521S
2011808NH2521S	2011808NH2521S
2011809NH2521S	2011808NH2521S
2011810NH2521S	2011808NH2521S
2011812NH2521S	2011812NH2521S
2011815NH2511S	2011812NH2521S
2011817NH2511S	2011812NH2521S
2011818NH2511S	2011812NH2521S
2049505NH1524N	2049505NH1524N
2049508NH1524N	2049505NH1524N
2049509NH1524N	2049505NH1524N
2049510NH1524N	2049505NH1524N
2107301NH2520N	2107301NH2520N
2107302NH2520N	2107301NH2520N
2107501NH2520N	2107501NH2520N
2107502NH2520N	2107501NH2520N
2107503NH2520N	2107501NH2520N
2107508NH2520N	2107501NH2520N
2109201NH2520N	2109201NH2520N
2109202NH2520N	2109201NH2520N
2109701NH2520N	2109701NH2520N
2109702NH2520N	2109701NH2520N
2109704NH2520N	2109701NH2520N
2109705NH2520N	2109701NH2520N
2109901NH2520N	2109902NH2520N
2109902NH2520N	2109902NH2520N
2109903NH2520N	2109902NH2520N
2109904NH2520N	2109902NH2520N
2109905NH2520N	2109902NH2520N
2109906NH2520N	2109902NH2520N
2109907NH2520N	2109907NH2520N
2109908NH2520N	2109902NH2520N
2111201NH2521S	2111205NH2521S
2111203NH2521S	2111205NH2521S
2111205NH2521S	2111205NH2521S
2148402NH1524N	2148402NH1524N
2148403NH1524N	2148402NH1524N
2148409NH1524N	2148402NH1524N
2148418NH1524N	2148402NH1524N
2148419NH1524N	2148402NH1524N
2148420NH1524N	2148402NH1524N
2148422NH1524N	2148423NH1524N
2148423NH1524N	2148423NH1524N
2148424NH1524N	2148423NH1524N
2148425NH1524N	2148423NH1524N
2148426NH1524N	2148423NH1524N
2157402NH1525N	2157402NH1525N
2157406NH1525N	2157402NH1525N
2157407NH1525N	2157402NH1525N
2157408NH1525N	2157402NH1525N
2157409NH1525N	2157402NH1525N
2157410NH1525N	2157402NH1525N
2205701NH2520N	2205701NH2520N
2207707NH2520N	2207707NH2520N
2207708NH2520N	2207707NH2520N
2207711NH2520N	2207707NH2520N
2208201NH2520N	2208201NH2520N
2208202NH2520N	2208201NH2520N
2208203NH2520N	2208201NH2520N
2208205NH2520N	2208205NH2520N
2208207NH2520N	2208201NH2520N
2208208NH2520N	2208201NH2520N
2208209NH2520N	2208201NH2520N
2208210NH2520N	2208201NH2520N
2208212NH2520N	2208205NH2520N
2208213NH2520N	2208201NH2520N
2208215NH2520N	2208201NH2520N
2208219NH2520N	2208205NH2520N
2208221NH2520N	2208201NH2520N
2208222NH2520N	2208205NH2520N
2208502NH2520N	2208502NH2520N
2211601NH2521S	2211601NH2521S
2211603NH2521S	2211601NH2521S
2211604NH2521S	2211601NH2521S
2211606NH2521S	2211601NH2521S
2211607NH2521S	2211601NH2521S
2211701NH2521S	2211701NH2521S
2211702NH2521S	2211701NH2521S
2211703NH2521S	2211701NH2521S
2211705NH2521S	2211705NH2521S
2211706NH2521S	2211705NH2521S
2211707NH2521S	2211705NH2521S
2211708NH2521S	2211709NH2521S
2211709NH2521S	2211709NH2521S
2211710NH2521S	2211701NH2521S
2211711NH2521S	2211701NH2521S
2211712NH2521S	2211705NH2521S
2211713NH2521S	2211705NH2521S
2211714NH2521S	2211705NH2521S
2211715NH2521S	2211701NH2521S
2211716NH2521S	2211705NH2521S
2211717NH2521S	2211705NH2521S
2211724NH2521S	2211701NH2521S
2211725NH2521S	2211705NH2521S
2211730NH2521S	2211701NH2521S
2245502NH1524N	2245502NH1524N
2245801NH1524N	2245802NH1524N
2245802NH1524N	2245802NH1524N
2245803NH1524N	2245802NH1524N
2246101NH1524N	2246101NH1524N
2246102NH1524N	2246101NH1524N
2246103NH1524N	2246101NH1524N
2246104NH1524N	2246101NH1524N
2246105NH1524N	2246101NH1524N
2246107NH1524N	2246101NH1524N
2246110NH1524N	2246101NH1524N
2246111NH1524N	2246101NH1524N
2256901NH1525N	2256901NH1525N
2258402NH1425N	2258402NH1425N
2258403NH1425N	2258402NH1425N
2258405NH1425N	2258402NH1425N
2258408NH1425N	2258402NH1425N
2259101NH1425N	2259101NH1425N
2259102NH1435N	2259101NH1425N
2259103NH1435N	2259101NH1425N
2259105NH1425N	2259101NH1425N
2259106NH1435N	2259101NH1425N
2259107NH1425N	2259101NH1425N
2259109NH1435N	2259101NH1425N
2259301NH1435N	2259301NH1435N
2259302NH1425N	2259301NH1435N
2259303NH1435N	2259301NH1435N
2265501NH1526N	2265501NH1526N
2265504NH1526N	2265501NH1526N
2265505NH1526N	2265501NH1526N
2301501NH2520S	2301501NH2520S
2301502NH2520S	2301501NH2520S
2301504NH2520S	2301501NH2520S
2301507NH2520S	2301501NH2520S
2302101NH2520S	2302102NH2520S
2302102NH2520S	2302102NH2520S
2302103NH2520S	2302102NH2520S
2302401NH2520S	2302401NH2520S
2302404NH2520S	2302401NH2520S
2302601NH2520S	2302602NH2520S
2302602NH2520S	2302602NH2520S
2302603NH2520S	2302602NH2520S
2302801NH2520S	2302802NH2520S
2302802NH2520S	2302802NH2520S
2302901NH2520S	2302902NH2520S
2302902NH2520S	2302902NH2520S
2302904NH2520S	2302902NH2520S
2302905NH2520S	2302902NH2520S
2302906NH2520S	2302902NH2520S
2302908NH2520S	2302902NH2520S
2307102NH2520N	001806200NH25A
2307106NH2520N	001806200NH25A
2309501NH2520N	2309501NH2520N
2309502NH2520N	2309501NH2520N
2309503NH2520N	2309501NH2520N
2309504NH2520N	2309501NH2520N
2309506NH2520N	2309501NH2520N
2309507NH2520N	2309501NH2520N
2309508NH2520N	2309511NH2520N
2309509NH2520N	2309511NH2520N
2309510NH2520N	2309511NH2520N
2309511NH2520N	2309511NH2520N
2309513NH2520N	2309514NH2520N
2309514NH2520N	2309514NH2520N
2309515NH2520N	2309514NH2520N
2309522NH2520N	2309501NH2520N
2345302NH1524N	2345302NH1524N
2347501NH1524N	2347501NH1524N
2347503NH1524N	2347501NH1524N
2347507NH1524N	2347501NH1524N
2347508NH1524N	2347501NH1524N
2348301NH1524N	2348301NH1524N
2348303NH1524N	2348301NH1524N
2357402NH1425N	2357402NH1425N
2365101NH1526N	2365101NH1526N
2365102NH1526N	2365101NH1526N
2401201NH2520S	2401201NH2520S
2402101NH2520S	2402102NH2520S
2402102NH2520S	2402102NH2520S
2402103NH2520S	2402102NH2520S
2402601NH2520S	2402601NH2520S
2402602NH2520S	2402601NH2520S
2402603NH2520S	2402601NH2520S
2402901NH2520S	2402901NH2520S
2402902NH2520S	2402901NH2520S
2402903NH2520S	2402901NH2520S
2402904NH2520S	2402901NH2520S
2402905NH2520S	2402901NH2520S
2403301NH2520S	2403301NH2520S
2403303NH2520S	2403301NH2520S
2403305NH2520S	2403301NH2520S
2411601NH2521S	2411601NH2521S
2411603NH2521S	2411601NH2521S
2411604NH2521S	2411601NH2521S
2411605NH2521S	2411601NH2521S
2411606NH2521S	2411601NH2521S
2411609NH2520N	2411601NH2521S
2418302NH1521N	2418302NH1521N
2418303NH1521N	2418302NH1521N
2418305NH1521N	2418302NH1521N
2418306NH1521N	2418302NH1521N
2418308NH1521N	2418302NH1521N
2419501NH1521N	2419501NH1521N
2446401NH1524N	2446401NH1524N
2446402NH1524N	2446401NH1524N
2446403NH1524N	2446401NH1524N
2446404NH1524N	2446401NH1524N
2446406NH1524N	2446401NH1524N
2446407NH1524N	2446401NH1524N
2446408NH1524N	2446401NH1524N
2446409NH1524N	2446409NH1524N
2446411NH1524N	2446401NH1524N
2448501NH1524N	2448501NH1524N
2511101NH2521S	2511101NH2521S
2511102NH2521S	2511101NH2521S
2511103NH2521S	2511101NH2521S
2511104NH2521S	2511101NH2521S
2511107NH2521S	2511101NH2521S
2512901NH2521S	2512901NH2521S
2512902NH2521S	2512901NH2521S
2512903NH2521S	2512901NH2521S
2512907NH2521S	2512901NH2521S
2519402NH1521N	2519402NH1521N
2519403NH1521N	2519402NH1521N
2519404NH1521N	2519402NH1521N
2519405NH1521N	2519402NH1521N
2519406NH1521N	2519402NH1521N
2519801NH1521N	2519801NH1521N
2519803NH1521N	2519801NH1521N
2519804NH1521N	2519805NH1521N
2519805NH1521N	2519805NH1521N
2519808NH1521N	2519801NH1521N
2604401NH2520S	2604401NH2520S
2612902NH2521S	2612902NH2521S
2612904NH2521S	2612902NH2521S
2612905NH2521S	2612902NH2521S
2612906NH2521S	2612902NH2521S
2619401NH1521N	2619401NH1521N
2619403NH1521N	2619401NH1521N
2619404NH1521N	2619401NH1521N
2619405NH1521N	2619401NH1521N
2660301NH1526S	2660301NH1526S
2705101NH2520N	2705101NH2520N
2719501NH1521N	2719501NH1521N
2759201NH1525N	2759201NH1525N
2759202NH1525N	2759201NH1525N
2761507NH1426S	2761507NH1426S
2761901NH1526S	2761901NH1526S
2762101NH1526S	2762101NH1526S
2762102NH1526S	2762101NH1526S
2762103NH1526S	2762101NH1526S
2764802NH1526S	2764802NH1526S
2764803NH1526S	2764802NH1526S
2764806NH1526S	2764802NH1526S
2764807NH1526S	2764802NH1526S
2764808NH1526S	2764802NH1526S
2806601NH2520N	2806601NH2520N
2808603NH2520N	2808603NH2520N
2808608NH2520N	2808603NH2520N
2808609NH2520N	2808603NH2520N
2808610NH2520N	2808603NH2520N
2808611NH2520N	2808603NH2520N
2808612NH2520N	2808603NH2520N
2808613NH2520N	2808603NH2520N
2810103NH2521S	2810103NH2521S
2819401NH1521N	2819401NH1521N
2819402NH1521N	2819401NH1521N
2819404NH1521N	2819401NH1521N
2819405NH1521N	2819401NH1521N
2859301NH1525N	2859301NH1525N
2859302NH1525N	2859301NH1525N
2859303NH1525N	2859301NH1525N
2859305NH1525N	2859301NH1525N
2859901NH1525N	001301800NH15E
2862101NH1426S	2862101NH1426S
2863801NH1526S	2863801NH1526S
2863802NH1526S	2863801NH1526S
2863803NH1526S	2863801NH1526S
2865101NH1526N	2865101NH1526N
2865102NH1526N	2865101NH1526N
2865103NH1526N	2865101NH1526N
2865104NH1526N	2865101NH1526N
2865105NH1526N	2865101NH1526N
2865106NH1526N	2865101NH1526N
2865108NH1526N	2865101NH1526N
2865109NH1526N	2865101NH1526N
2868203NH1426N	2868203NH1426N
2870701NH1427S	2870701NH1427S
2870702NH1427S	2870701NH1427S
2870704NH1427S	2870701NH1427S
2870712NH1427S	2870701NH1427S
2906101NH2520N	2906101NH2520N
2909202NH2520N	2909202NH2520N
2961101NH1426S	2961101NH1426S
2961201NH1426S	000900100NH14E
2961202NH1426S	2961202NH1426S
2961203NH1426S	2961202NH1426S
2961204NH1426S	2961202NH1426S
2961205NH1426S	2961202NH1426S
2964201NH1526S	2964201NH1526S
2964202NH1526S	2964201NH1526S
2968602NH1426N	2968602NH1426N
2970601NH1427S	2970601NH1427S
2970903NH1427S	2970903NH1427S
2970905NH1427S	2970903NH1427S
2970906NH1427S	2970903NH1427S
2970907NH1427S	2970903NH1427S
2970908NH1427S	2970903NH1427S
2970909NH1427S	2970903NH1427S
3006801NH1436N	3006801NH1436N
3007301NH2530N	3007301NH2530N
3007303NH2530N	3007301NH2530N
3007304NH2530N	3007301NH2530N
3007310NH2530N	3007301NH2530N
3067301NH1436N	3067301NH1436N
3067302NH1436N	3067301NH1436N
3067304NH1436N	3067301NH1436N
3068901NH1436N	3068901NH1436N
3068905NH1436N	3068901NH1436N
3068906NH1436N	3068901NH1436N
3068907NH1436N	3068901NH1436N
3068909NH1436N	3068901NH1436N
3070301NH1437S	3070301NH1437S
3070801NH1437S	3070801NH1437S
3070802NH1437S	3070801NH1437S
3070803NH1437S	3070801NH1437S
3071102NH1437S	3071102NH1437S
3150702NH1535S	3150702NH1535S
3150704NH1535S	3150702NH1535S
3150705NH1535S	3150702NH1535S
3168101NH1436N	3168101NH1436N
3168102NH1436N	3168101NH1436N
3168104NH1436N	3168101NH1436N
3207701NH2530N	3207701NH2530N
3207703NH2530N	3207701NH2530N
3249502NH1534N	3249502NH1534N
3249504NH1534N	3249502NH1534N
3249506NH1534N	3249502NH1534N
3249507NH1534N	3249502NH1534N
3249508NH1534N	3249502NH1534N
3250403NH1535S	3250403NH1535S
3250406NH1535S	3250403NH1535S
3250601NH1535S	3250601NH1535S
3250603NH1535S	3250601NH1535S
3250604NH1535S	3250601NH1535S
3305601NH2530N	3305601NH2530N
3306104NH2530N	3306104NH2530N
3306201NH2530N	3306201NH2530N
3306604NH2530N	3306604NH2530N
3306605NH2530N	3306604NH2530N
3306606NH2530N	3306604NH2530N
3306801NH2530N	3306803NH2530N
3306802NH2530N	3306803NH2530N
3306803NH2530N	3306803NH2530N
3306804NH2530N	3306803NH2530N
3306901NH2530N	3306901NH2530N
3306905NH2530N	3306901NH2530N
3306907NH2530N	3306901NH2530N
3306908NH2530N	3306901NH2530N
3307103NH2530N	3307103NH2530N
3347502NH1534N	3347502NH1534N
3347507NH1534N	3347502NH1534N
3348403NH1534N	3348403NH1534N
3348404NH1534N	3348403NH1534N
3348405NH1534N	3348403NH1534N
3348414NH1534N	3348414NH1534N
3348415NH1534N	3348403NH1534N
3348416NH1534N	3348403NH1534N
3348417NH1534N	3348403NH1534N
3349401NH1534N	3349401NH1534N
3349402NH1534N	3349401NH1534N
3349403NH1534N	3349401NH1534N
3349405NH1534N	3349405NH1534N
3349406NH1534N	3349401NH1534N
3349407NH1534N	3349401NH1534N
3349901NH1534N	3349901NH1534N
3350501NH1535S	3350501NH1535S
3350502NH1535S	3350501NH1535S
3350503NH1535S	3350501NH1535S
3350504NH1535S	3350501NH1535S
3350505NH1535S	3350501NH1535S
3350506NH1535S	3350501NH1535S
3350507NH1535S	3350501NH1535S
3350701NH1535S	3350701NH1535S
3405302NH2530N	3405303NH2530N
3405303NH2530N	3405303NH2530N
3449201NH1534N	3449201NH1534N
3449202NH1534N	3449201NH1534N
3449203NH1534N	3449201NH1534N
3449204NH1534N	3449201NH1534N
3449205NH1534N	3449206NH1534N
3449206NH1534N	3449206NH1534N
3449208NH1534N	3449208NH1534N
3449209NH1534N	3449208NH1534N
3449601NH1534N	3449602NH1534N
3449602NH1534N	3449602NH1534N
3449604NH1534N	3449602NH1534N
3449605NH1534N	3449602NH1534N
3449607NH1534N	3449602NH1534N
3449608NH1534N	3449602NH1534N
3450101NH1535S	3450101NH1535S
3450701NH1535S	3450702NH1535S
3450702NH1535S	3450702NH1535S
3450703NH1535S	3450702NH1535S
3450801NH1535S	3450801NH1535S
3450802NH1535S	3450801NH1535S
3450806NH1535S	3450801NH1535S
3450807NH1535S	3450801NH1535S
3450901NH1535S	3450901NH1535S
3504904NH2530S	3504904NH2530S
3504912NH2530S	3504904NH2530S
3548102NH1534N	3548102NH1534N
3548103NH1534N	3548102NH1534N
3548104NH1534N	3548102NH1534N
3548106NH1534N	3548102NH1534N
3548501NH1534N	3548501NH1534N
3548506NH1534N	3548501NH1534N
3548507NH1534N	3548501NH1534N
3548508NH1534N	3548501NH1534N
3605102NH2530N	3605102NH2530N
3605103NH2530N	3605102NH2530N
3605107NH2530N	3605102NH2530N
3605111NH2530N	3605102NH2530N
3616701NH2531N	3616702NH2531N
3616702NH2531N	3616702NH2531N
3616703NH2531N	3616702NH2531N
3648902NH1534N	3648902NH1534N
3704701NH2530S	3704701NH2530S
3715401NH2531N	3715401NH2531N
3715404NH2531N	3715401NH2531N
3715405NH2531N	3715401NH2531N
3716101NH2531N	3716101NH2531N
3716102NH2531N	3716101NH2531N
3716103NH2531N	3716101NH2531N
3716104NH2531N	3716101NH2531N
3716105NH2531N	3716101NH2531N
3716301NH2531N	3716301NH2531N
3716601NH2531N	3716602NH2531N
3716602NH2531N	3716602NH2531N
3716701NH2531N	3716701NH2531N
3716702NH2531N	3716701NH2531N
3757403NH1435N	3757403NH1435N
3757405NH1435N	3757403NH1435N
3803701NH2530S	3803701NH2530S
3803702NH2530S	3803701NH2530S
3803704NH2530S	3803701NH2530S
3803707NH2530S	3803701NH2530S
3803712NH2530S	3803701NH2530S
3814302NH2531S	3814302NH2531S
3815301NH2531N	3815301NH2531N
3815302NH2531N	3815301NH2531N
3816901NH2531N	3816901NH2531N
3816902NH2531N	3816901NH2531N
3816903NH2531N	3816901NH2531N
3816904NH2531N	3816901NH2531N
3816906NH2531N	3816901NH2531N
3816907NH2531N	3816901NH2531N
3816920NH2531N	3816901NH2531N
3874601NH1437S	3874601NH1437S
3874602NH1437S	3874601NH1437S
3874603NH1437S	3874601NH1437S
3874604NH1437S	3874601NH1437S
3874605NH1437S	3874601NH1437S
3874606NH1437S	3874601NH1437S
3903701NH2530S	3903701NH2530S
3903705NH2530S	3903701NH2530S
3916402NH2531N	3916402NH2531N
3916502NH2531N	3916502NH2531N
3968901NH1536N	3968902NH1536N
3968902NH1536N	3968902NH1536N
3968903NH1536N	3968903NH1536N
3968904NH1536N	3968903NH1536N
3968905NH1536N	3968903NH1536N
3973901NH1437S	3973901NH1437S
3973902NH1437S	3973901NH1437S
3974701NH1437S	3974701NH1437S
3974702NH1437S	3974701NH1437S
3974703NH1437S	3974701NH1437S
3974704NH1437S	3974701NH1437S
3974709NH1437S	3974701NH1437S
3974710NH1437S	3974701NH1437S
3974901NH1437S	3974901NH1437S
3974903NH1437S	3974901NH1437S
3974904NH1437S	3974901NH1437S
3974906NH1437S	3974901NH1437S
4072301NH1447S	4072301NH1447S
4072302NH1447S	4072301NH1447S
4113901NH2541S	4113901NH2541S
4113902NH2541S	4113901NH2541S
4113903NH2541S	4113901NH2541S
4114803NH2541S	4114803NH2541S
4114804NH2541S	4114803NH2541S
4166202NH1546N	4166202NH1546N
4166207NH1546N	4166202NH1546N
4213804NH2541S	4213804NH2541S
4214101NH2541S	4214101NH2541S
4214102NH2541S	4214101NH2541S
4214301NH2541S	4214301NH2541S
4214302NH2541S	4214301NH2541S
4214303NH2541S	4214301NH2541S
4214304NH2541S	4214301NH2541S
4214305NH2541S	4214301NH2541S
4214306NH2541S	4214301NH2541S
4215701NH2541N	4215701NH2541N
4275803NH1447N	4275803NH1447N
4313601NH2541S	4313601NH2541S
4313609NH2541S	4313601NH2541S
4313613NH2541S	4313601NH2541S
4314601NH2541S	4314601NH2541S
4314602NH2541S	4314601NH2541S
4314604NH2541S	4314601NH2541S
4314605NH2541S	4314605NH2541S
4314607NH2541S	4314601NH2541S
4314608NH2541S	4314601NH2541S
4314612NH2541S	4314601NH2541S
4315501NH1541N	4315501NH1541N
4315701NH1541N	4315701NH1541N
4315702NH1541N	4315701NH1541N
4315704NH1541N	4315701NH1541N
4315802NH1541N	4315802NH1541N
4315803NH1541N	4315802NH1541N
4315901NH1541N	4315901NH1541N
4315904NH1541N	4315901NH1541N
4315906NH1541N	4315901NH1541N
4315908NH1541N	4315901NH1541N
4315909NH1541N	4315901NH1541N
4316401NH1541N	4316401NH1541N
4316402NH1541N	4316401NH1541N
4325501NH2542N	4325501NH2542N
4325601NH2542N	4325601NH2542N
4325602NH2542N	4325601NH2542N
4325603NH2542N	4325601NH2542N
4350101NH1545S	4350101NH1545S
4350102NH1545S	4350101NH1545S
4415201NH1541N	4415201NH1541N
4415301NH1541N	4415301NH1541N
4415302NH1541N	4415301NH1541N
4415401NH1541N	4415401NH1541N
4416101NH1541N	4416101NH1541N
4416102NH1541N	4416101NH1541N
4416103NH1541N	4416101NH1541N
4416301NH1541N	4416301NH1541N
4416302NH1541N	4416301NH1541N
4416303NH1541N	4416301NH1541N
4416701NH1541N	4416701NH1541N
4416703NH1541N	4416701NH1541N
4416704NH1541N	4416701NH1541N
4416804NH1541N	4416804NH1541N
4416901NH1541N	4416901NH1541N
4425201NH2542N	4425202NH2542N
4425202NH2542N	4425202NH2542N
4425203NH2542N	4425202NH2542N
4425204NH2542N	4425202NH2542N
4428309NH1542N	4428309NH1542N
4428601NH1542N	4428601NH1542N
4428602NH1542N	4428601NH1542N
4428603NH1542N	4428601NH1542N
4428604NH1542N	4428601NH1542N
4428605NH1542N	4428601NH1542N
4428606NH1542N	4428601NH1542N
4428609NH1542N	4428601NH1542N
4428611NH1542N	4428611NH1542N
4428622NH1542N	4428601NH1542N
4429907NH1542N	4429907NH1542N
4429908NH1542N	4429907NH1542N
4429909NH1542N	4429907NH1542N
4429910NH1542N	4429907NH1542N
4451705NH1545S	4451705NH1545S
4505204NH2540N	4505204NH2540N
4505205NH2540N	4505204NH2540N
4505501NH2540N	4505501NH2540N
4505502NH2540N	4505501NH2540N
4505503NH2540N	4505501NH2540N
4514902NH2541S	4514902NH2541S
4514911NH2541S	4514902NH2541S
4527602NH1542N	4527602NH1542N
4528601NH1542N	4528601NH1542N
4528602NH1542N	4528601NH1542N
4528605NH1542N	4528601NH1542N
4548403NH1544N	4548403NH1544N
4549111NH1544N	4549111NH1544N
4549112NH1544N	4549111NH1544N
4549113NH1544N	4549111NH1544N
4550906NH1545S	4550906NH1545S
4550907NH1545S	4550906NH1545S
4550908NH1545S	4550906NH1545S
4552701NH1545S	4552701NH1545S
4556201NH1445N	4556203NH1445N
4556202NH1445N	4556203NH1445N
4556203NH1445N	4556203NH1445N
4557101NH1445N	4557102NH1445N
4557102NH1445N	4557102NH1445N
4557301NH1445N	4557301NH1445N
4557302NH1445N	4557301NH1445N
4557303NH1445N	4557301NH1445N
4557304NH1445N	4557301NH1445N
4557305NH1445N	4557313NH1445N
4557306NH1445N	4557313NH1445N
4557307NH1445N	4557313NH1445N
4557311NH1445N	4557301NH1445N
4557313NH1445N	4557313NH1445N
4557315NH1445N	4557313NH1445N
4557316NH1445N	4557301NH1445N
4557317NH1445N	4557301NH1445N
4557318NH1445N	4557319NH1445N
4557319NH1445N	4557319NH1445N
4557321NH1445N	4557301NH1445N
4557322NH1445N	4557301NH1445N
4557701NH1445N	4557701NH1445N
4557702NH1445N	4557701NH1445N
4557703NH1445N	4557701NH1445N
4557704NH1445N	4557701NH1445N
4651206NH1545S	4651206NH1545S
4651209NH1545S	4651206NH1545S
4651213NH1545S	4651206NH1545S
4651701NH1545S	4651701NH1545S
4651702NH1545S	4651701NH1545S
4651703NH1545S	4651701NH1545S
4651704NH1545S	4651701NH1545S
4657301NH1445N	4657301NH1445N
4657302NH1445N	4657301NH1445N
4658402NH1445N	4658402NH1445N
4705401NH2540N	4705401NH2540N
4713601NH2541S	4713601NH2541S
4713602NH2541S	4713601NH2541S
4713603NH2541S	4713601NH2541S
4713604NH2541S	4713601NH2541S
4714401NH2541S	4714401NH2541S
4714402NH2541S	4714401NH2541S
4714403NH2541S	4714401NH2541S
4714404NH2541S	4714401NH2541S
4714405NH2541S	4714401NH2541S
4714414NH2541S	4714401NH2541S
4715304NH2541N	4715304NH2541N
4716602NH2541N	4716602NH2541N
4716603NH2541N	4716602NH2541N
4716604NH2541N	4716602NH2541N
4750501NH1545S	4750501NH1545S
4750506NH1545S	4750501NH1545S
4750507NH1545S	4750501NH1545S
4750508NH1545S	4750511NH1545S
4750509NH1545S	4750511NH1545S
4750511NH1545S	4750511NH1545S
4750513NH1545S	4750501NH1545S
4750514NH1545S	4750501NH1545S
4750515NH1545S	4750501NH1545S
4750517NH1545S	4750501NH1545S
4750518NH1545S	4750501NH1545S
4751102NH1545S	4751102NH1545S
4751103NH1545S	4751102NH1545S
4751601NH1545S	4751601NH1545S
4752105NH1545S	4752105NH1545S
4752107NH1545S	4752105NH1545S
4752110NH1545S	4752105NH1545S
4752116NH1545S	4752105NH1545S
4752117NH1545S	4752105NH1545S
4757301NH1445N	4757301NH1445N
4758505NH1445N	4758505NH1445N
4758506NH1445N	4758505NH1445N
4758507NH1445N	4758505NH1445N
4758508NH1445N	4758505NH1445N
4758509NH1445N	4758505NH1445N
4805401NH2540N	4805401NH2540N
4805402NH2540N	4805401NH2540N
4805403NH2540N	4805401NH2540N
4805404NH2540N	4805401NH2540N
4805501NH2540N	4805501NH2540N
4805502NH2540N	4805501NH2540N
4805503NH2540N	4805501NH2540N
4806701NH2540N	4806703NH2540N
4806702NH2540N	4806703NH2540N
4806703NH2540N	4806703NH2540N
4806704NH2540N	4806703NH2540N
4806705NH2540N	4806703NH2540N
4806706NH2540N	4806703NH2540N
4806707NH2540N	4806708NH2540N
4806708NH2540N	4806708NH2540N
4806709NH2540N	4806730NH2540N
4806710NH2540N	4806730NH2540N
4806712NH2540N	4806708NH2540N
4806713NH2540N	4806708NH2540N
4806714NH2540N	4806703NH2540N
4806715NH2540N	4806703NH2540N
4806716NH2540N	4806716NH2540N
4806723NH2540N	4806703NH2540N
4806727NH2540N	4806703NH2540N
4806730NH2540N	4806730NH2540N
4813101NH2541S	4813102NH2541S
4813102NH2541S	4813102NH2541S
4813103NH2541S	4813102NH2541S
4813104NH2541S	4813102NH2541S
4813105NH2541S	4813102NH2541S
4813108NH2541S	4813102NH2541S
4813902NH2541S	4813902NH2541S
4813903NH2541S	4813902NH2541S
4813904NH2541S	4813902NH2541S
4813905NH2541S	4813902NH2541S
4813906NH2541S	4813902NH2541S
4813907NH2541S	4813902NH2541S
4813911NH2541S	4813902NH2541S
4813922NH2541S	4813902NH2541S
4814301NH2541S	4814301NH2541S
4814302NH2541S	4814301NH2541S
4814303NH2541S	4814301NH2541S
4814304NH2541S	4814301NH2541S
4814306NH2541S	4814306NH2541S
4814310NH2541S	4814310NH2541S
4814311NH2541S	4814310NH2541S
4814312NH2541S	4814306NH2541S
4814313NH2541S	4814301NH2541S
4814314NH2541S	4814301NH2541S
4814315NH2541S	4814301NH2541S
4814316NH2541S	4814301NH2541S
4816201NH2541N	4816201NH2541N
4816202NH2541N	4816201NH2541N
4833401NH1543S	4833401NH1543S
4834301NH1543S	4834301NH1543S
4834302NH1543S	4834301NH1543S
4834702NH1543S	4834702NH1543S
4850601NH1545S	4850602NH1545S
4850602NH1545S	4850602NH1545S
4850603NH1545S	4850602NH1545S
4850604NH1545S	4850602NH1545S
4850901NH1545S	4850901NH1545S
4851410NH1545S	4851410NH1545S
4851412NH1545S	4851410NH1545S
4851702NH1545S	4851702NH1545S
4851705NH1545S	4851702NH1545S
4851706NH1545S	4851702NH1545S
4851708NH1545S	4851702NH1545S
4905301NH2540N	4905304NH2540N
4905302NH2540N	4905304NH2540N
4905303NH2540N	4905304NH2540N
4905304NH2540N	4905304NH2540N
4905501NH2540N	4905501NH2540N
5120501NH2552S	5120501NH2552S
5120509NH2552S	5120501NH2552S
5120515NH2552S	5120501NH2552S
5134101NH1553S	5134101NH1553S
5134102NH1553S	5134101NH1553S
5134103NH1553S	5134101NH1553S
5134301NH1553S	5134301NH1553S
5134302NH1553S	5134301NH1553S
5134401NH1553S	5134401NH1553S
5134402NH1553S	5134401NH1553S
5135201NH1553N	5135201NH1553N
5135204NH1553N	5135201NH1553N
5136507NH1553N	5136507NH1553N
5137401NH1553N	5137402NH1553N
5137402NH1553N	5137402NH1553N
5137403NH1553N	5137402NH1553N
5137407NH1553N	5137402NH1553N
5137409NH1553N	5137402NH1553N
5137412NH1553N	5137402NH1553N
5137414NH1553N	5137414NH1553N
5137422NH1553N	5137402NH1553N
5137423NH1553N	5137414NH1553N
5137424NH1553N	5137414NH1553N
5138702NH1553N	5138702NH1553N
5138703NH1553N	5138702NH1553N
5220301NH2552S	5220301NH2552S
5220302NH2552S	5220301NH2552S
5220303NH2552S	5220301NH2552S
5220304NH2552S	5220301NH2552S
5220305NH2552S	5220301NH2552S
5220502NH2552S	5220503NH2552S
5220503NH2552S	5220503NH2552S
5220504NH2552S	5220503NH2552S
5220505NH2552S	5220503NH2552S
5220513NH2552S	5220503NH2552S
5221501NH2552S	5221501NH2552S
5221502NH2552S	5221501NH2552S
5221503NH2552S	5221501NH2552S
5221504NH2552S	5221501NH2552S
5221506NH2552S	5221501NH2552S
5221801NH2552S	5221803NH2552S
5221803NH2552S	5221803NH2552S
5221804NH2552S	5221803NH2552S
5233601NH1553S	5233601NH1553S
5233602NH1553S	5233601NH1553S
5233603NH1553S	5233601NH1553S
5233604NH1553S	5233601NH1553S
5234201NH1553S	5234201NH1553S
5234202NH1553S	5234201NH1553S
5234203NH1553S	5234201NH1553S
5234204NH1553S	5234201NH1553S
5234701NH1553S	5234701NH1553S
5235102NH1553N	5235102NH1553N
5235105NH1553N	5235102NH1553N
5236401NH1553N	5236401NH1553N
5237401NH1553N	5237402NH1553N
5237402NH1553N	5237402NH1553N
5238901NH1553N	5238901NH1553N
5238902NH1553N	5238901NH1553N
5238904NH1553N	5238904NH1553N
5238905NH1553N	5238901NH1553N
5238906NH1553N	5238901NH1553N
5238907NH1553N	5238901NH1553N
5238908NH1553N	5238901NH1553N
5238909NH1553N	5238901NH1553N
5239101NH1553N	5239101NH1553N
5239102NH1553N	5239101NH1553N
5239104NH1553N	5239101NH1553N
5239202NH1553N	5239202NH1553N
5239203NH1553N	5239202NH1553N
5239205NH1553N	5239202NH1553N
5239208NH1553N	5239202NH1553N
5268401NH1456N	5268401NH1456N
5333601NH1553S	5333602NH1553S
5333602NH1553S	5333602NH1553S
5333604NH1553S	5333602NH1553S
5333605NH1553S	5333602NH1553S
5339602NH1553N	5339602NH1553N
5368601NH1456N	5368601NH1456N
5368602NH1456N	5368601NH1456N
5368605NH1456N	5368601NH1456N
5368606NH1456N	5368601NH1456N
5369601NH1456N	5369601NH1456N
5410901NH1551S	5410901NH1551S
5410902NH1551S	5410901NH1551S
5410906NH1551S	5410901NH1551S
5468401NH1456N	5468401NH1456N
5468402NH1456N	5468401NH1456N
5468403NH1456N	5468401NH1456N
5468404NH1456N	5468401NH1456N
5468405NH1456N	5468401NH1456N
5470602NH1457S	5470602NH1457S
5470603NH1457S	5470602NH1457S
5470607NH1457S	5470602NH1457S
5470612NH1457S	5470602NH1457S
5471903NH1457S	5471903NH1457S
5509801NH1550N	5509801NH1550N
5509803NH1550N	5509801NH1550N
5509804NH1550N	5509801NH1550N
5509805NH1550N	5509801NH1550N
5509807NH1550N	5509801NH1550N
5509808NH1550N	5509801NH1550N
5509809NH1550N	5509801NH1550N
5509810NH1550N	5509801NH1550N
5509811NH1550N	5509811NH1550N
5533601NH1553S	5533601NH1553S
5536102NH1553N	5536102NH1553N
5568201NH1456N	5568202NH1456N
5568202NH1456N	5568202NH1456N
5568203NH1456N	5568202NH1456N
5568204NH1456N	5568202NH1456N
5570801NH1457S	5570801NH1457S
5570802NH1457S	5570801NH1457S
5570803NH1457S	5570801NH1457S
5570804NH1457S	5570801NH1457S
5570805NH1457S	5570805NH1457S
5570806NH1457S	5570805NH1457S
5570808NH1457S	5570805NH1457S
5571203NH1457S	5571203NH1457S
5609501NH1550N	5609501NH1550N
5609503NH1550N	5609501NH1550N
5609504NH1550N	5609504NH1550N
5609505NH1550N	5609504NH1550N
5609507NH1550N	5609504NH1550N
5609510NH1550N	5609501NH1550N
5609511NH1550N	5609501NH1550N
5609512NH1550N	5609501NH1550N
5609513NH1550N	5609501NH1550N
5609514NH1550N	5609501NH1550N
5609515NH1550N	5609501NH1550N
5609516NH1550N	5609504NH1550N
5633601NH1553S	5633601NH1553S
5634901NH1553S	5634901NH1553S
5634902NH1553S	5634901NH1553S
5634903NH1553S	5634901NH1553S
5634904NH1553S	5634901NH1553S
5634905NH1553S	5634901NH1553S
5636201NH1553N	5636201NH1553N
5636202NH1553N	5636201NH1553N
5636205NH1553N	5636205NH1553N
5636207NH1553N	5636201NH1553N
5636208NH1553N	5636201NH1553N
5636210NH1553N	5636201NH1553N
5636213NH1553N	5636201NH1553N
5734801NH1553S	5734801NH1553S
5736102NH1553N	5736102NH1553N
5736103NH1553N	5736102NH1553N
5736104NH1553N	5736102NH1553N
5736105NH1553N	5736102NH1553N
5736106NH1553N	5736102NH1553N
5909402NH1550N	5909402NH1550N
5909404NH1550N	5909402NH1550N
6086301NH1468N	6086301NH1468N
6087101NH1468N	6087101NH1468N
6088604NH1468N	6088604NH1468N
6088605NH1468N	6088604NH1468N
6088606NH1468N	6088604NH1468N
6088607NH1468N	6088604NH1468N
6109103NH1560N	6109103NH1560N
6186501NH1468N	6186501NH1468N
6186502NH1468N	6186501NH1468N
6186503NH1468N	6186501NH1468N
6186505NH1468N	6186501NH1468N
6187201NH1468N	6187201NH1468N
6187202NH1468N	6187201NH1468N
6187601NH1468N	6187601NH1468N
6187602NH1468N	6187601NH1468N
6187603NH1468N	6187601NH1468N
6287901NH1468N	6287901NH1468N
6288101NH1468N	6288101NH1468N
6288102NH1468N	6288101NH1468N
6414501NH1561S	001200200NH15B
6414503NH1561S	001200200NH15B
6415804NH1561N	6415804NH1561N
6425407NH1562N	6425407NH1562N
6514101NH1561S	6514101NH1561S
6514401NH1561S	6514401NH1561S
6515203NH1561N	6515203NH1561N
6515302NH1561N	6515304NH1561N
6515304NH1561N	6515304NH1561N
6515309NH1561N	6515304NH1561N
6515318NH1561N	6515304NH1561N
6515324NH1561N	6515304NH1561N
6515401NH1561N	6515401NH1561N
6515402NH1561N	6515401NH1561N
6515403NH1561N	6515401NH1561N
6515404NH1561N	6515401NH1561N
6515405NH1561N	6515401NH1561N
6515407NH1561N	6515401NH1561N
6515409NH1561N	6515401NH1561N
6515701NH1561N	6515701NH1561N
6525601NH1562N	6525601NH1562N
6525602NH1562N	6525601NH1562N
6525603NH1562N	6525601NH1562N
6525701NH1562N	6525701NH1562N
6525702NH1562N	6525701NH1562N
6525703NH1562N	6525701NH1562N
6615201NH1561N	6615201NH1561N
6615203NH1561N	6615201NH1561N
6616203NH1561N	6616203NH1561N
6624301NH1562S	6624302NH1562S
6624302NH1562S	6624302NH1562S
6625101NH1562N	6625101NH1562N
6625102NH1562N	6625101NH1562N
6625803NH1562N	6625803NH1562N
6630601NH1563S	6630601NH1563S
6630602NH1563S	6630601NH1563S
6630603NH1563S	6630601NH1563S
6630604NH1563S	6630601NH1563S
6630605NH1563S	6630601NH1563S
6631801NH1563S	6631801NH1563S
6726410NH1562N	6726410NH1562N
6730301NH1563S	6730301NH1563S
6730501NH1563S	6730501NH1563S
6730502NH1563S	6730501NH1563S
6773501NH1467S	6773501NH1467S
6773503NH1467S	6773501NH1467S
6830102NH1563S	6830102NH1563S
6831101NH1563S	6831101NH1563S
6871401NH1467S	6871401NH1467S
6871402NH1467S	6871401NH1467S
6871501NH1467S	6871501NH1467S
6871901NH1467S	6871901NH1467S
6872204NH1467S	6872204NH1467S
6872208NH1467S	6872204NH1467S
6872401NH1467S	6872401NH1467S
6872402NH1467S	6872401NH1467S
6872701NH1467S	6872701NH1467S
6872702NH1467S	6872701NH1467S
6872801NH1467S	6872801NH1467S
6879801NH1467N	6879801NH1467N
6879803NH1467N	6879801NH1467N
6879804NH1467N	6879801NH1467N
6905901NH1560N	6905901NH1560N
6926201NH1562N	6926201NH1562N
6926202NH1562N	6926201NH1562N
6926205NH1562N	6926201NH1562N
6926206NH1562N	6926201NH1562N
6933901NH1563S	6933901NH1563S
6971602NH1467S	6971602NH1467S
6971604NH1467S	6971602NH1467S
6972101NH1467S	6972101NH1467S
6972103NH1467S	6972101NH1467S
6973101NH1467S	6973101NH1467S
6973102NH1467S	6973101NH1467S
6978301NH1467N	6978302NH1467N
6978302NH1467N	6978302NH1467N
6978304NH1467N	6978302NH1467N
6978305NH1467N	6978302NH1467N
7003702NH1570S	7003702NH1570S
7004907NH1570S	7004907NH1570S
7004908NH1570S	7004907NH1570S
7025301NH1572N	7025301NH1572N
7034301NH1573S	7034301NH1573S
7034302NH1573S	7034301NH1573S
7034303NH1573S	7034301NH1573S
7034304NH1573S	7034301NH1573S
7034401NH1573S	7034401NH1573S
7034402NH1573S	7034401NH1573S
7034403NH1573S	7034401NH1573S
7034405NH1573S	7034401NH1573S
7034407NH1573S	7034401NH1573S
7034408NH1573S	7034401NH1573S
7034409NH1573S	7034401NH1573S
7034414NH1573S	7034401NH1573S
7035101NH1573N	7035101NH1573N
7035103NH1573N	7035101NH1573N
7035202NH1573N	7035202NH1573N
7035204NH1573N	7035202NH1573N
7035205NH1573N	7035202NH1573N
7035701NH1573N	7035701NH1573N
7072502NH1477S	7072502NH1477S
7072503NH1477S	7072502NH1477S
7078306NH1477N	7078306NH1477N
7134501NH1573S	7134501NH1573S
7171404NH1477S	7171404NH1477S
7173704NH1477S	7173704NH1477S
7202602NH1570S	7202602NH1570S
7202603NH1570S	7202602NH1570S
7203901NH1570S	7203901NH1570S
7203902NH1570S	7203901NH1570S
7203903NH1570S	7203901NH1570S
7203904NH1570S	7203901NH1570S
7203905NH1570S	7203901NH1570S
7203907NH1570S	7203901NH1570S
7204204NH1570S	7204206NH1570S
7204205NH1570S	7204206NH1570S
7204206NH1570S	7204206NH1570S
7204801NH1570S	7204801NH1570S
7204802NH1570S	7204801NH1570S
7204901NH1570S	7204901NH1570S
7204902NH1570S	7204901NH1570S
7204903NH1570S	7204901NH1570S
7204904NH1570S	7204901NH1570S
7204905NH1570S	7204901NH1570S
7303301NH1570S	7303301NH1570S
7303302NH1570S	7303301NH1570S
7303308NH1570S	7303301NH1570S
7371301NH1477S	7371301NH1477S
7371302NH1477S	7371301NH1477S
7371303NH1477S	7371301NH1477S
7371304NH1477S	7371301NH1477S
7371305NH1477S	7371301NH1477S
7381601NH1478S	7381601NH1478S
7381901NH1478S	7381901NH1478S
7382402NH1478S	7382402NH1478S
7480301NH1478S	7480301NH1478S
7481201NH1478S	7481201NH1478S
7481202NH1478S	7481201NH1478S
7481401NH1478S	7481402NH1478S
7481402NH1478S	7481402NH1478S
7481403NH1478S	7481402NH1478S
7481804NH1478S	7481805NH1478S
7481805NH1478S	7481805NH1478S
7481806NH1478S	7481805NH1478S
7482106NH1478S	7482106NH1478S
7482109NH1478S	7482106NH1478S
7482115NH1478S	7482106NH1478S
7482116NH1478S	7482106NH1478S
7482602NH1478S	7482602NH1478S
7482608NH1478S	7482602NH1478S
7482609NH1478S	7482602NH1478S
7494501NH1479S	7494501NH1479S
7495701NH1479N	7495701NH1479N
7495702NH1479N	7495701NH1479N
7495703NH1479N	7495701NH1479N
7495704NH1479N	7495701NH1479N
7495705NH1479N	7495701NH1479N
7496101NH1479N	7496101NH1479N
7594201NH1479S	7594201NH1479S
7594202NH1479S	7594201NH1479S
7594501NH1479S	7594502NH1479S
7594502NH1479S	7594502NH1479S
7594504NH1479S	7594502NH1479S
7594505NH1479S	7594502NH1479S
7595201NH1479N	7595201NH1479N
7595204NH1479N	7595201NH1479N
7595205NH1479N	7595201NH1479N
7595206NH1479N	7595201NH1479N
7595207NH1479N	7595201NH1479N
7595801NH1479N	7595801NH1479N
7595802NH1479N	7595801NH1479N
7629703NH1572N	7629703NH1572N
7694201NH1479S	7694203NH1479S
7694203NH1479S	7694203NH1479S
7711302NH1571S	7711302NH1571S
7711308NH1571S	7711302NH1571S
7711309NH1571S	7711302NH1571S
7711601NH1571S	7711601NH1571S
7711602NH1571S	7711601NH1571S
7711803NH1571S	7711803NH1571S
7712600NH1571S	7712600NH1571S
7712601NH1571S	7712600NH1571S
7712603NH1571S	7712600NH1571S
7712604NH1571S	7712600NH1571S
7712605NH1571S	7712600NH1571S
7712606NH1571S	7712600NH1571S
7712607NH1571S	7712600NH1571S
7712609NH1571S	7712600NH1571S
7712610NH1571S	7712600NH1571S
7712613NH1571S	7712600NH1571S
7713801NH1571S	7713801NH1571S
7713802NH1571S	7713801NH1571S
7713803NH1571S	7713801NH1571S
7713813NH1571S	7713801NH1571S
7714701NH1571S	7714701NH1571S
7714703NH1571S	7714701NH1571S
7714704NH1571S	7714701NH1571S
7714705NH1571S	7714701NH1571S
7714706NH1571S	7714701NH1571S
7714707NH1571S	7714701NH1571S
7714708NH1571S	7714701NH1571S
7714711NH1571S	7714701NH1571S
7714712NH1571S	7714701NH1571S
7718502NH1571N	7718502NH1571N
7718505NH1571N	7718502NH1571N
7718507NH1571N	7718502NH1571N
7729701NH1572N	7729701NH1572N
7729703NH1572N	7729701NH1572N
7729714NH1572N	7729701NH1572N
7812103NH1571S	7812103NH1571S
7812104NH1571S	7812103NH1571S
7813701NH1571S	7813701NH1571S
7813702NH1571S	7813701NH1571S
7813901NH1571S	7813901NH1571S
7813902NH1571S	7813901NH1571S
7829601NH1572N	7829601NH1572N
7829602NH1572N	7829601NH1572N
7829603NH1572N	7829601NH1572N
7829604NH1572N	7829601NH1572N
7829605NH1572N	7829601NH1572N
7829606NH1572N	7829601NH1572N
7829607NH1572N	7829601NH1572N
7830601NH1573S	7830601NH1573S
7831802NH1573S	7831802NH1573S
7831803NH1573S	7831802NH1573S
7914103NH1571S	7914104NH1571S
7914104NH1571S	7914104NH1571S
7914106NH1571S	7914104NH1571S
7914301NH1571S	7914301NH1571S
7915801NH1571N	7915801NH1571N
7915802NH1571N	7915801NH1571N
7915803NH1571N	7915801NH1571N
7915804NH1571N	7915801NH1571N
7916101NH1571N	7916101NH1571N
7916102NH1571N	7916101NH1571N
7916104NH1571N	7916101NH1571N
7916105NH1571N	7916101NH1571N
7916106NH1571N	7916101NH1571N
7916107NH1571N	7916101NH1571N
7916110NH1571N	7916101NH1571N
7917301NH1571N	7917301NH1571N
7917302NH1571N	7917301NH1571N
7917303NH1571N	7917301NH1571N
7917304NH1571N	7917301NH1571N
7917305NH1571N	7917301NH1571N
7917306NH1571N	7917301NH1571N
7917307NH1571N	7917301NH1571N
7917501NH0571N	7917501NH0571N
7919602NH0571N	7919603NH0571N
7919603NH0571N	7919603NH0571N
7919604NH0571N	7919603NH0571N
7929501NH1572N	7929501NH1572N
7929503NH1572N	7929501NH1572N
7982601NH1478S	7982601NH1478S
7982602NH1478S	7982601NH1478S
7982603NH1478S	7982601NH1478S
7982604NH1478S	7982601NH1478S
7983102NH1478S	7983102NH1478S
7994401NH1479S	7994401NH1479S
7994501NH1479S	7994501NH1479S
7994504NH1479S	7994501NH1479S
7995301NH1479N	7995301NH1479N
7995302NH1479N	7995302NH1479N
7995303NH1479N	7995302NH1479N
7995304NH1479N	7995302NH1479N
7995305NH1479N	7995302NH1479N
7995306NH1479N	7995302NH1479N
7995307NH1479N	7995301NH1479N
7995312NH1479N	7995301NH1479N
7995313NH1479N	7995301NH1479N
7995314NH1479S	7995301NH1479N
7996601NH1479N	7996601NH1479N
8017801NH0581N	8017801NH0581N
8018101NH0581N	8018101NH0581N
8018103NH0581N	8018101NH0581N
8018702NH1581N	8018702NH1581N
8018708NH1581N	8018702NH1581N
8018709NH1581N	8018702NH1581N
8018710NH1581N	8018702NH1581N
8018713NH1581N	8018702NH1581N
8030701NH1583S	8030701NH1583S
8030702NH1583S	8030701NH1583S
8030703NH1583S	8030701NH1583S
8030704NH1583S	8030701NH1583S
8030705NH1583S	8030701NH1583S
8030706NH1583S	8030701NH1583S
8030707NH1583S	8030701NH1583S
8030708NH1583S	8030708NH1583S
8030709NH1583S	8030701NH1583S
8031101NH1583S	8031101NH1583S
8031103NH1583S	8031101NH1583S
8031104NH1583S	8031101NH1583S
8031105NH1583S	8031101NH1583S
8031106NH1583S	8031106NH1583S
8031107NH1583S	8031101NH1583S
8031108NH1583S	8031106NH1583S
8031109NH1583S	8031106NH1583S
8031111NH1583S	8031101NH1583S
8033601NH1583S	8033601NH1583S
8082602NH1488S	8082602NH1488S
8082603NH1488S	8082602NH1488S
8083201NH1488S	8083201NH1488S
8083203NH1488S	8083201NH1488S
8083901NH1488S	8083901NH1488S
8083902NH1488S	8083902NH1488S
8083903NH1488S	8083901NH1488S
8083904NH1488S	8083901NH1488S
8083905NH1488S	8083901NH1488S
8083906NH1488S	8083901NH1488S
8084701NH1488S	8084701NH1488S
8084702NH1488S	8084701NH1488S
8084703NH1488S	8084701NH1488S
8102501NH1580S	8102502NH1580S
8102502NH1580S	8102502NH1580S
8102503NH1580S	8102502NH1580S
8102505NH1580S	8102505NH1580S
8102506NH1580S	8102505NH1580S
8102508NH1580S	8102505NH1580S
8102509NH1580S	8102505NH1580S
8113403NH1581S	8113403NH1581S
8113404NH1581S	8113403NH1581S
8117201NH1581N	8117201NH1581N
8117202NH1581N	8117201NH1581N
8117206NH1581N	8117201NH1581N
8117207NH1581N	8117201NH1581N
8117210NH1581N	8117201NH1581N
8185802NH1488N	8185802NH1488N
8202501NH1580S	8202502NH1580S
8202502NH1580S	8202502NH1580S
8203801NH1580S	8203802NH1580S
8203802NH1580S	8203802NH1580S
8203803NH1580S	8203802NH1580S
8217101NH1581N	8217101NH1581N
8217102NH1581N	8217101NH1581N
8217103NH1581N	8217101NH1581N
8234701NH1583S	8234701NH1583S
8234704NH1583S	8234701NH1583S
8234705NH1583S	8234701NH1583S
8267901NH1486N	8267901NH1486N
8267902NH1486N	8267901NH1486N
8267903NH1486N	8267901NH1486N
8267904NH1486N	8267901NH1486N
8267905NH1486N	8267901NH1486N
8267906NH1486N	8267901NH1486N
8268601NH1486N	8268601NH1486N
8268602NH1486N	8268601NH1486N
8268603NH1486N	8268601NH1486N
8268604NH1486N	8268601NH1486N
8268605NH1486N	8268601NH1486N
8283402NH1488S	8283402NH1488S
8283407NH1488S	8283402NH1488S
8283411NH1488S	8283402NH1488S
8283412NH1488S	8283402NH1488S
8283413NH1488S	8283402NH1488S
8283414NH1488S	8283402NH1488S
8284203NH1488S	8284203NH1488S
8302501NH1580S	8302501NH1580S
8303101NH1580S	8303101NH1580S
8303701NH1580S	8303701NH1580S
8303702NH1580S	8303701NH1580S
8313501NH1581S	8313501NH1581S
8313508NH1581S	8313501NH1581S
8315203NH1581N	8315203NH1581N
8333701NH1583S	8333701NH1583S
8333702NH1583S	8333701NH1583S
8333703NH1583S	8333701NH1583S
8367902NH1486N	8367902NH1486N
8367903NH1486N	8367902NH1486N
8407601NH1580N	8407601NH1580N
8407602NH1580N	8407601NH1580N
8407604NH1580N	8407601NH1580N
8413202NH1581S	8413202NH1581S
8413203NH1581S	8413202NH1581S
8423103NH0582S	8423103NH0582S
8423601NH0582S	8423601NH0582S
8423602NH0582S	8423601NH0582S
8423603NH0582S	8423601NH0582S
8423604NH0582S	8423601NH0582S
8431301NH1583S	8431301NH1583S
8431701NH1583S	8431701NH1583S
8431705NH1583S	8431701NH1583S
8467204NH1486N	8467204NH1486N
8467205NH1486N	8467204NH1486N
8467206NH1486N	8467204NH1486N
8467207NH1486N	8467204NH1486N
8467209NH1486N	8467204NH1486N
8467501NH1486N	8467501NH1486N
8467503NH1486N	8467501NH1486N
8467504NH1486N	8467501NH1486N
8467505NH1486N	8467501NH1486N
8467506NH1486N	8467501NH1486N
8468801NH1486N	8468801NH1486N
8469404NH1486N	8469404NH1486N
8469405NH1486N	8469404NH1486N
8469406NH1486N	8469404NH1486N
8469407NH1486N	8469404NH1486N
8472106NH1487S	8472106NH1487S
8472110NH1487S	8472106NH1487S
8483402NH1488S	8483402NH1488S
8507101NH1580N	8507101NH1580N
8507102NH1580N	8507101NH1580N
8507103NH1580N	8507101NH1580N
8507104NH1580N	8507101NH1580N
8507105NH1580N	8507101NH1580N
8507601NH1580N	8507601NH1580N
8507602NH1580N	8507601NH1580N
8507603NH1580N	8507601NH1580N
8522201NH0582S	8522203NH0582S
8522202NH0582S	8522203NH0582S
8522203NH0582S	8522203NH0582S
8522204NH0582S	8522203NH0582S
8522205NH0582S	8522205NH0582S
8522206NH0582S	8522205NH0582S
8522207NH0582S	8522205NH0582S
8523101NH0582S	8523101NH0582S
8523102NH0582S	8523101NH0582S
8523103NH0582S	8523101NH0582S
8523105NH0582S	8523101NH0582S
8523106NH0582S	8523101NH0582S
8523401NH0582S	8523401NH0582S
8523402NH0582S	8523401NH0582S
8523403NH0582S	8523401NH0582S
8523801NH0582S	8523801NH0582S
8528201NH1582N	8528201NH1582N
8528202NH1582N	8528201NH1582N
8528203NH1582N	8528201NH1582N
8528502NH1582N	8528502NH1582N
8528503NH1582N	8528502NH1582N
8528504NH1582N	8528502NH1582N
8528505NH1582N	8528502NH1582N
8528506NH1582N	8528502NH1582N
8528507NH1582N	8528502NH1582N
8528509NH1582N	8528502NH1582N
8529102NH1582N	8529102NH1582N
8531301NH1583S	8531301NH1583S
8531303NH1583S	8531301NH1583S
8531306NH1583S	8531301NH1583S
8532301NH1583S	8532301NH1583S
8532303NH1583S	8532301NH1583S
8532304NH1583S	8532301NH1583S
8532305NH1583S	8532301NH1583S
8532306NH1583S	8532301NH1583S
8569701NH1486N	8569701NH1486N
8569702NH1486N	8569701NH1486N
8569704NH1486N	8569701NH1486N
8569707NH1486N	8569701NH1486N
8569710NH1486N	8569701NH1486N
8569711NH1486N	8569701NH1486N
8628801NH1582N	8628801NH1582N
8628803NH1582N	8628801NH1582N
8628804NH1582N	8628801NH1582N
8628805NH1582N	8628801NH1582N
8628806NH1582N	8628801NH1582N
8628808NH1582N	8628801NH1582N
8629903NH1582N	8629903NH1582N
8629904NH1582N	8629903NH1582N
8629905NH1582N	8629903NH1582N
8629908NH1582N	8629903NH1582N
8629909NH1582N	8629903NH1582N
8668104NH1486N	8668104NH1486N
8668105NH1486N	8668104NH1486N
8669602NH1486N	8669602NH1486N
8670201NH1487S	8670201NH1487S
8721502NH0582S	8721502NH0582S
8722501NH0582S	8722501NH0582S
8722503NH0582S	8722501NH0582S
8722504NH0582S	8722501NH0582S
8722505NH0582S	8722501NH0582S
8722506NH0582S	8722501NH0582S
8729601NH1582N	8729601NH1582N
8729603NH1582N	8729603NH1582N
8729604NH1582N	8729603NH1582N
8729609NH1582N	8729601NH1582N
8729610NH1582N	8729601NH1582N
8821601NH0582S	8821601NH0582S
8822101NH0582S	8822102NH0582S
8822102NH0582S	8822102NH0582S
8822103NH0582S	8822102NH0582S
8822701NH0582S	8822701NH0582S
8822702NH0582S	8822701NH0582S
8881505NH1488S	8881505NH1488S
8882702NH1488S	8882702NH1488S
8921301NH0582S	8921301NH0582S
8921302NH0582S	8921301NH0582S
8922402NH0582S	8922402NH0582S
8922403NH0582S	8922402NH0582S
8982105NH1488S	8982105NH1488S
8982108NH1488S	8982105NH1488S
8982509NH1488S	8982509NH1488S
9000705NH1590S	9000705NH1590S
9001501NH1590S	9001501NH1590S
9097701NH1499N	9097702NH1499N
9097702NH1499N	9097702NH1499N
9100301NH1590S	9100301NH1590S
9173501NH1497S	9173501NH1497S
9173503NH1497S	9173501NH1497S
9174102NH1497S	9174102NH1497S
9174103NH1497S	9174102NH1497S
9174104NH1497S	9174102NH1497S
9174105NH1497S	9174102NH1497S
9174106NH1497S	9174102NH1497S
9174107NH1497S	9174102NH1497S
9174108NH1497S	9174102NH1497S
9174109NH1497S	9174102NH1497S
9174601NH1497S	9174601NH1497S
9197101NH1499N	9197101NH1499N
9197102NH1499N	9197101NH1499N
9198201NH1499N	9198201NH1499N
9198202NH1499N	9198201NH1499N
9198203NH1499N	9198201NH1499N
9198501NH1499N	9198501NH1499N
9198502NH1499N	9198501NH1499N
9198503NH1499N	9198501NH1499N
9198504NH1499N	9198501NH1499N
9198505NH1499N	9198501NH1499N
9198506NH1499N	9198501NH1499N
9198508NH1499N	9198501NH1499N
9198510NH1499N	9198501NH1499N
9198511NH1499N	9198501NH1499N
9198512NH1499N	9198501NH1499N
9198701NH1499N	9198701NH1499N
9198702NH1499N	9198701NH1499N
9199501NH1499N	9199501NH1499N
9199502NH1499N	9199501NH1499N
9199503NH1499N	9199501NH1499N
9199504NH1499N	9199504NH1499N
9199506NH1499N	9199501NH1499N
9199901NH1499N	9199901NH1499N
9199904NH1499N	9199901NH1499N
9199907NH1499N	9199901NH1499N
9199908NH1499N	9199901NH1499N
9211301NH1591S	9211301NH1591S
9211304NH1591S	9211301NH1591S
9211901NH1591S	9211901NH1591S
9211902NH1591S	9211901NH1591S
9211905NH1591S	9211901NH1591S
9211907NH1591S	9211901NH1591S
9212201NH1591S	9212201NH1591S
9212202NH1591S	9212201NH1591S
9212206NH1591S	9212201NH1591S
9212207NH1591S	9212201NH1591S
9212208NH1591S	9212201NH1591S
9213301NH1591S	9213301NH1591S
9213302NH1591S	9213301NH1591S
9213501NH1591S	9213503NH1591S
9213502NH1591S	9213503NH1591S
9213503NH1591S	9213503NH1591S
9213504NH1591S	9213503NH1591S
9213701NH1591S	9213701NH1591S
9213702NH1591S	9213701NH1591S
9213703NH1591S	9213701NH1591S
9213705NH1591S	9213701NH1591S
9274101NH1497S	9274101NH1497S
9274102NH1497S	9274101NH1497S
9274103NH1497S	9274101NH1497S
9274105NH1497S	9274101NH1497S
9274804NH1497S	9274804NH1497S
9274805NH1497S	9274804NH1497S
9297905NH1499N	9297905NH1499N
9297906NH1499N	9297905NH1499N
9297907NH1499N	9297905NH1499N
9297908NH1499N	9297905NH1499N
9298201NH1499N	9298202NH1499N
9298202NH1499N	9298202NH1499N
9298203NH1499N	9298202NH1499N
9298204NH1499N	9298202NH1499N
9298301NH1499N	9298304NH1499N
9298302NH1499N	9298304NH1499N
9298303NH1499N	9298304NH1499N
9298304NH1499N	9298304NH1499N
9298401NH1499N	9298401NH1499N
9298601NH1499N	9298601NH1499N
9298602NH1499N	9298601NH1499N
9298603NH1499N	9298601NH1499N
9298604NH1499N	9298601NH1499N
9298605NH1499N	9298601NH1499N
9299101NH1499N	9299102NH1499N
9299102NH1499N	9299102NH1499N
9299201NH1499N	9299201NH1499N
9299202NH1499N	9299201NH1499N
9299701NH1499N	9299701NH1499N
9299702NH1499N	9299701NH1499N
9299703NH1499N	9299701NH1499N
9299705NH1499N	9299701NH1499N
9299709NH1499N	9299701NH1499N
9299711NH1499N	9299711NH1499N
9299712NH1499N	9299711NH1499N
9299713NH1499N	9299711NH1499N
9299714NH1499N	9299701NH1499N
9299802NH1499N	9299802NH1499N
9311201NH1591S	9311201NH1591S
9311202NH1591S	9311201NH1591S
9311203NH1591S	9311201NH1591S
9311204NH1591S	9311201NH1591S
9312101NH1591S	9312101NH1591S
9312104NH1591S	9312101NH1591S
9312106NH1591S	9312101NH1591S
9312501NH1591S	9312501NH1591S
9312502NH1591S	9312501NH1591S
9312503NH1591S	9312501NH1591S
9312504NH1591S	9312501NH1591S
9312505NH1591S	9312501NH1591S
9312506NH1591S	9312501NH1591S
9312507NH1591S	9312507NH1591S
9312508NH1591S	9312507NH1591S
9312509NH1591S	9312501NH1591S
9400203NH1590S	9400203NH1590S
9400204NH1590S	9400203NH1590S
9411101NH1591S	9411101NH1591S
9411202NH1591S	9411202NH1591S
9420102NH0592S	9420102NH0592S
9421701NH0592S	9421701NH0592S
9421702NH0592S	9421701NH0592S
9421901NH0592S	9421904NH0592S
9421902NH0592S	9421904NH0592S
9421903NH0592S	9421904NH0592S
9421904NH0592S	9421904NH0592S
9421905NH0592S	9421904NH0592S
9421906NH0592S	9421904NH0592S
9421907NH0592S	9421904NH0592S
9424103NH0592S	9424103NH0592S
9424104NH0592S	9424103NH0592S
9499703NH1499N	9499703NH1499N
9514701NH0591S	9514701NH0591S
9514702NH0591S	9514701NH0591S
9520301NH0592S	9520301NH0592S
9522102NH0592S	9522102NH0592S
9522103NH0592S	9522102NH0592S
9522104NH0592S	9522102NH0592S
9522105NH0592S	9522102NH0592S
9522106NH0592S	9522102NH0592S
9522109NH0592S	9522102NH0592S
9524201NH0592S	9524201NH0592S
9600902NH1590S	9600902NH1590S
9601903NH1590S	9601903NH1590S
9601904NH1590S	9601903NH1590S
9610501NH1591S	9610501NH1591S
9610503NH1591S	9610501NH1591S
9610506NH1591S	9610501NH1591S
9610507NH1591S	9610501NH1591S
9611603NH1591S	9611603NH1591S
9611610NH1591S	9611603NH1591S
9613401NH0591S	9613401NH0591S
9613402NH0591S	9613401NH0591S
9613403NH0591S	9613401NH0591S
9613404NH0591S	9613401NH0591S
9613502NH0591S	9613502NH0591S
9614303NH0591S	9614303NH0591S
9614501NH0591S	9614501NH0591S
9614502NH0591S	9614501NH0591S
9614503NH0591S	9614501NH0591S
9614504NH0591S	9614501NH0591S
9614507NH0591S	9614501NH0591S
9700501NH1590S	9700502NH1590S
9700502NH1590S	9700502NH1590S
9701701NH1590S	9701701NH1590S
9701704NH1590S	9701701NH1590S
9701705NH1590S	9701701NH1590S
9701706NH1590S	9701701NH1590S
9701713NH1590S	9701713NH1590S
9701714NH1590S	9701713NH1590S
9701715NH1590S	9701713NH1590S
9701716NH1590S	9701701NH1590S
9701717NH1590S	9701701NH1590S
9701719NH1590S	9701701NH1590S
9710401NH0591S	9710401NH0591S
9710402NH0591S	9710401NH0591S
9710403NH0591S	9710401NH0591S
9710601NH0591S	9710601NH0591S
9713401NH0591S	9713401NH0591S
9713402NH0591S	9713401NH0591S
9714101NH0591S	9714101NH0591S
9714102NH0591S	9714101NH0591S
9714501NH0591S	9714501NH0591S
9800701NH1590S	9800701NH1590S
9800702NH1590S	9800701NH1590S
9800703NH1590S	9800701NH1590S
9800704NH1590S	9800701NH1590S
9800706NH1590S	9800701NH1590S
9800707NH1590S	9800701NH1590S
9800801NH1590S	9800801NH1590S
9800802NH1590S	9800801NH1590S
9800803NH1590S	9800801NH1590S
9800805NH1590S	9800805NH1590S
9810401NH0591S	9810403NH0591S
9810402NH0591S	9810403NH0591S
9810403NH0591S	9810403NH0591S
9810405NH0591S	9810403NH0591S
9810501NH1591S	9810501NH1591S
9810502NH1591S	9810501NH1591S
9810901NH0591S	9810901NH0591S
9810902NH0591S	9810901NH0591S
9810903NH0591S	9810901NH0591S
9817601NH0591N	9817601NH0591N
9817602NH0591N	9817601NH0591N
9817603NH0591N	9817601NH0591N
9899501NH1499N	9899501NH1499N
9899502NH1499N	9899501NH1499N
9900701NH1590S	9900701NH1590S
9911906NH1591S	9911906NH1591S
9999501NH1499N	9999501NH1499N
0914807NH2501S	0914801NH2501S
