5998501QB1959N	5998501QB1959N
5998502QB1959N	5998501QB1959N
5998503QB1959N	5998501QB1959N
5998505QB1959N	5998501QB1959N
5998506QB1959N	5998501QB1959N
5998508QB1959N	5998501QB1959N
5998509QB1959N	5998501QB1959N
5998510QB1959N	5998501QB1959N
5998511QB1959N	5998501QB1959N
5998601QB1959N	5998616QB1959N
5998602QB1959N	5998616QB1959N
5998603QB1959N	5998616QB1959N
5998604QB1959N	5998616QB1959N
5998605QB1959N	5998616QB1959N
5998606QB1959N	5998616QB1959N
5998609QB1959N	5998616QB1959N
5998610QB1959N	5998616QB1959N
5998611QB1959N	5998616QB1959N
5998612QB1959N	5998616QB1959N
5998613QB1959N	5998616QB1959N
5998614QB1959N	5998616QB1959N
5998615QB1959N	5998616QB1959N
5998616QB1959N	5998616QB1959N
5998699QB1959N	5998616QB1959N
5998701QB1959N	5998701QB1959N
5998702QB1959N	5998701QB1959N
5998703QB1959N	5998701QB1959N
5998704QB1959N	5998701QB1959N
5998705QB1959N	5998701QB1959N
5998706QB1959N	5998701QB1959N
5998708QB1959N	5998701QB1959N
5998709QB1959N	5998701QB1959N
5998710QB1959N	5998701QB1959N
5999601QB1959N	5999604QB1959N
5999602QB1959N	5999604QB1959N
5999603QB1959N	5999604QB1959N
5999604QB1959N	5999604QB1959N
5999605QB1959N	5999604QB1959N
6000101QC1060S	6000101QC1060S
6000102QC1060S	6000101QC1060S
6000103QC1060S	6000101QC1060S
6000104QC1060S	6000101QC1060S
6000105QC1060S	6000101QC1060S
6000106QC1060S	6000101QC1060S
6000107QC1060S	6000101QC1060S
6000108QC1060S	6000101QC1060S
6000701QC1060S	6000701QC1060S
6000702QC1060S	6000701QC1060S
6097801QB1969N	6097801QB1969N
6098201QB1969N	6098204QB1969N
6098202QB1969N	6098204QB1969N
6098203QB1969N	6098204QB1969N
6098204QB1969N	6098204QB1969N
6098205QB1969N	6098204QB1969N
6098206QB1969N	6098204QB1969N
6098207QB1969N	6098204QB1969N
6098209QB1969N	6098204QB1969N
6098210QB1969N	6098204QB1969N
6098301QB1969N	6098306QB1969N
6098302QB1969N	6098306QB1969N
6098303QB1969N	6098306QB1969N
6098304QB1969N	6098306QB1969N
6098305QB1969N	6098306QB1969N
6098306QB1969N	6098306QB1969N
6098307QB1969N	6098306QB1969N
6098308QB1969N	6098306QB1969N
6098309QB1969N	6098306QB1969N
6098310QB1969N	6098306QB1969N
6098401QB1969N	6098405QB1969N
6098402QB1969N	6098405QB1969N
6098403QB1969N	6098405QB1969N
6098404QB1969N	6098405QB1969N
6098405QB1969N	6098405QB1969N
6098406QB1969N	6098405QB1969N
6098407QB1969N	6098405QB1969N
6098408QB1969N	6098405QB1969N
6098501QB1969N	6098502QB1969N
6098502QB1969N	6098502QB1969N
6098503QB1969N	6098502QB1969N
6098901QB1969N	6098902QB1969N
6098902QB1969N	6098902QB1969N
6098903QB1969N	6098902QB1969N
6098904QB1969N	6098902QB1969N
6099301QB1969N	6099304QB1969N
6099302QB1969N	6099304QB1969N
6099303QB1969N	6099304QB1969N
6099304QB1969N	6099304QB1969N
6099305QB1969N	6099304QB1969N
6099306QB1969N	6099304QB1969N
6099307QB1969N	6099304QB1969N
6099401QB1969N	6099407QB1969N
6099402QB1969N	6099407QB1969N
6099403QB1969N	6099407QB1969N
6099404QB1969N	6099407QB1969N
6099405QB1969N	6099407QB1969N
6099406QB1969N	6099407QB1969N
6099407QB1969N	6099407QB1969N
6099408QB1969N	6099407QB1969N
6099409QB1969N	6099407QB1969N
6099410QB1969N	6099407QB1969N
6099411QB1969N	6099407QB1969N
6099412QB1969N	6099407QB1969N
6099413QB1969N	6099407QB1969N
6099414QB1969N	6099407QB1969N
6099415QB1969N	6099407QB1969N
6099416QB1969N	6099416QB1969N
6099417QB1969N	6099416QB1969N
6099418QB1969N	6099407QB1969N
6099419QB1969N	6099407QB1969N
6099420QB1969N	6099407QB1969N
6099501QB1969N	6099501QB1969N
6099503QB1969N	6099501QB1969N
6099505QB1969N	6099501QB1969N
6099506QB1969N	6099501QB1969N
6099801QB1969N	6099804QB1969N
6099802QB1969N	6099804QB1969N
6099803QB1969N	6099804QB1969N
6099804QB1969N	6099804QB1969N
6099806QB1969N	6099804QB1969N
6099807QB1969N	6099804QB1969N
6099808QB1969N	6099804QB1969N
6099809QB1969N	6099804QB1969N
6099810QB1969N	6099804QB1969N
6099811QB1969N	6099804QB1969N
6099901QB1969N	6099916QB1969N
6099902QB1969N	6099916QB1969N
6099903QB1969N	6099916QB1969N
6099904QB1969N	6099916QB1969N
6099905QB1969N	6099916QB1969N
6099906QB1969N	6099916QB1969N
6099907QB1969N	6099916QB1969N
6099908QB1969N	6099916QB1969N
6099909QB1969N	6099916QB1969N
6099911QB1969N	6099916QB1969N
6099912QB1969N	6099916QB1969N
6099913QB1969N	6099916QB1969N
6099914QB1969N	6099916QB1969N
6099916QB1969N	6099916QB1969N
6099918QB1969N	6099916QB1969N
6099919QB1969N	6099916QB1969N
6099920QB1969N	6099916QB1969N
6099921QB1969N	6099916QB1969N
6099922QB1969N	6099916QB1969N
6099923QB1969N	6099916QB1969N
6099924QB1969N	6099916QB1969N
6099925QB1969N	6099916QB1969N
6099926QB1969N	6099916QB1969N
6099927QB1969N	6099916QB1969N
6100701QC1060S	6100702QC1060S
6100702QC1060S	6100702QC1060S
6100703QC1060S	6100702QC1060S
6198201QB1969N	6198201QB1969N
6199401QB1969N	6199402QB1969N
6199402QB1969N	6199402QB1969N
6199405QB1969N	6199402QB1969N
6199407QB1969N	6199402QB1969N
6199408QB1969N	6199402QB1969N
6199412QB1969N	6199402QB1969N
6199413QB1969N	6199402QB1969N
6199501QB1969N	6199502QB1969N
6199502QB1969N	6199502QB1969N
6199504QB1969N	6199502QB1969N
6199902QB1969N	6199904QB1969N
6199903QB1969N	6199904QB1969N
6199904QB1969N	6199904QB1969N
6199905QB1969N	6199904QB1969N
6199906QB1969N	6199904QB1969N
6199907QB1969N	6199907QB1969N
6199908QB1969N	6199907QB1969N
6199909QB1969N	6199907QB1969N
6199910QB1969N	6199907QB1969N
6199911QB1969N	6199907QB1969N
6199912QB1969N	6199907QB1969N
6199913QB1969N	6199913QB1969N
6199914QB1969N	6199907QB1969N
6299201QB1969N	6299203QB1969N
6299202QB1969N	6299203QB1969N
6299203QB1969N	6299203QB1969N
21007A00500027	21007A00500027
21007A00500079	6199502QB1969N
21007A00600111	21007A00600111
5898703QB1959N	6099304QB1969N
5998507QB1959N	5998501QB1959N
