07037A00800001	07037A00800001
6140601EE9364S	6140601EE9364S
6140602EE9364S	6140601EE9364S
6140603EE9364S	6140603EE9364S
6140604EE9364S	6140601EE9364S
6140605EE9364S	6140605EE9364S
6140607EE9364S	6140607EE9364S
6140608EE9364S	6140607EE9364S
6140609EE9363N	6140609EE9363N
6140610EE9363N	6140609EE9363N
6140611EE9363N	6140611EE9363N
6140612EE9363N	6140611EE9363N
6140614EE9363N	6140611EE9363N
6140616EE9364S	6140607EE9364S
6140617EE9364S	6140605EE9364S
6140618EE9364S	6140618EE9364S
6140619EE9364S	6140605EE9364S
6140620EE9364S	6140603EE9364S
6140621EE9364S	6140603EE9364S
6140623EE9364S	6140601EE9364S
6140624EE9363N	6140609EE9363N
6140625EE9363N	6140611EE9363N
6240901EE9363N	6240901EE9363N
6240905EE9364S	6240901EE9363N
6242201EE9364S	6242201EE9364S
6242607EE9364S	6242607EE9364S
6242608EE9364S	6242608EE9364S
6242609EE9364S	6242608EE9364S
6242610EE9364S	6242610EE9364S
6242611EE9364S	6242610EE9364S
6242613EE9364S	6242613EE9364S
6242614EE9364S	6242610EE9364S
6242615EE9364S	6242613EE9364S
6242616EE9364S	6242616EE9364S
6242617EE9364S	6242616EE9364S
6242618EE9363N	6242618EE9363N
6242620EE9363N	6242616EE9364S
6242621EE9363N	6242618EE9363N
6242623EE9363N	6242613EE9364S
6242635EE9364S	6242608EE9364S
6242637EE9364S	6242637EE9364S
6242638EE9364S	6242608EE9364S
6242639EE9364S	6242637EE9364S
6242641EE9364S	6242637EE9364S
6242662EE9363N	6242610EE9364S
6242666EE9363N	6242618EE9363N
6242668EE9363N	6242613EE9364S
6242670EE9363N	6242670EE9363N
6242671EE9363N	6242618EE9363N
6242672EE9363N	6242670EE9363N
6242675EE9364S	6242670EE9363N
6247101EE9364N	6247101EE9364N
6342601EE9364S	6342601EE9364S
6342602EE9364S	6342601EE9364S
6342603EE9364S	6342601EE9364S
6342604EE9364S	6342601EE9364S
6342605EE9364S	6342601EE9364S
6342606EE9364S	6342606EE9364S
6342607EE9364S	6342606EE9364S
6342608EE9364S	6342601EE9364S
6342609EE9364S	6342601EE9364S
6344501EE9364N	6344504EE9364N
6344502EE9364N	6344504EE9364N
6344503EE9364N	6344504EE9364N
6344504EE9364N	6344504EE9364N
6344505EE9364N	6344504EE9364N
6344506EE9364S	6344504EE9364N
6344507EE9364S	6344504EE9364N
6344508EE9364S	6344504EE9364N
6344509EE9364S	6344504EE9364N
6344510EE9364S	6344504EE9364N
6344511EE9364S	6344504EE9364N
6344512EE9364S	6344504EE9364N
6344701EE9364S	6344711EE9364S
6344702EE9364S	6344711EE9364S
6344703EE9364S	6344711EE9364S
6344704EE9364S	6344711EE9364S
6344705EE9364S	6344711EE9364S
6344706EE9364S	6344711EE9364S
6344707EE9364S	6344711EE9364S
6344708EE9364S	6344711EE9364S
6344709EE9364S	6344711EE9364S
6344710EE9364S	6344711EE9364S
6344711EE9364S	6344711EE9364S
6344712EE9364S	6344711EE9364S
6345501EE9364N	6345501EE9364N
6345502EE9364N	6345501EE9364N
6345503EE9364N	6345501EE9364N
6345504EE9364N	6345501EE9364N
6345505EE9364N	6345501EE9364N
6345506EE9364N	6345501EE9364N
6345507EE9364N	6345501EE9364N
6345508EE9364N	6345501EE9364N
6345510EE9364N	6345518EE9364N
6345511EE9364N	6345518EE9364N
6345512EE9364N	6345518EE9364N
6345517EE9364N	6345518EE9364N
6345518EE9364N	6345518EE9364N
6346101EE9364S	6346101EE9364S
6346102EE9364S	6346101EE9364S
6346105EE9364S	6346101EE9364S
6346106EE9364S	6346101EE9364S
6443901EE9364S	6443901EE9364S
6443902EE9364S	6443901EE9364S
6443904EE9364S	6443901EE9364S
6443906EE9364S	6443912EE9364S
6443907EE9364S	6443912EE9364S
6443908EE9364S	6443912EE9364S
6443909EE9364S	6443912EE9364S
6443910EE9364S	6443912EE9364S
6443911EE9364S	6443912EE9364S
6443912EE9364S	6443912EE9364S
6443913EE9364S	6443913EE9364S
6443914EE9364S	6443913EE9364S
6443915EE9364S	6443901EE9364S
6443916EE9364S	6443901EE9364S
6443917EE9364S	6443901EE9364S
6443918EE9364S	6443901EE9364S
6443919EE9364S	6443920EE9364S
6443920EE9364S	6443920EE9364S
6443921EE9364S	6443920EE9364S
6443923EE9364S	6443901EE9364S
6443925EE9364S	6443920EE9364S
6444401EE9364N	6444406EE9364S
6444402EE9364N	6444406EE9364S
6444403EE9364S	6444406EE9364S
6444404EE9364S	6444406EE9364S
6444405EE9364S	6444406EE9364S
6444406EE9364S	6444406EE9364S
6444407EE9364S	6444406EE9364S
6444408EE9364S	6444406EE9364S
6444409EE9364N	6444406EE9364S
6444410EE9364N	6444406EE9364S
6444411EE9364N	6444406EE9364S
6444412EE9364N	6444406EE9364S
6446801EE9364N	6446803EE9364N
6446802EE9364N	6446803EE9364N
6446803EE9364N	6446803EE9364N
6446804EE9364N	6446803EE9364N
6446805EE9364N	6446803EE9364N
6446806EE9364N	6446803EE9364N
6446807EE9364N	6446803EE9364N
6446808EE9364N	6446803EE9364N
6446809EE9364N	6446803EE9364N
6446810EE9364N	6446803EE9364N
6446811EE9364N	6446803EE9364N
6446812EE9364N	6446803EE9364N
6446813EE9364N	6446803EE9364N
6446814EE9364N	6446803EE9364N
6446815EE9364N	6446803EE9364N
6446816EE9364N	6446803EE9364N
6446817EE9364N	6446803EE9364N
6446818EE9364N	6446803EE9364N
6446819EE9364N	6446803EE9364N
6446820EE9364N	6446803EE9364N
6446821EE9364N	6446803EE9364N
6446822EE9364N	6446803EE9364N
6446823EE9364N	6446803EE9364N
6446824EE9364N	6446803EE9364N
6446825EE9364N	6446803EE9364N
6446826EE9364N	6446803EE9364N
6446827EE9364N	6446803EE9364N
6446828EE9364N	6446803EE9364N
6447401EE9364N	6447403EE9364N
6447402EE9364N	6447403EE9364N
6447403EE9364N	6447403EE9364N
6447404EE9364N	6447436EE9364N
6447405EE9364N	6447436EE9364N
6447406EE9364N	6447436EE9364N
6447407EE9364N	6447436EE9364N
6447408EE9364N	6447436EE9364N
6447409EE9364N	6447436EE9364N
6447410EE9364N	6447436EE9364N
6447411EE9364N	6447436EE9364N
6447412EE9364N	6447436EE9364N
6447413EE9364N	6447436EE9364N
6447414EE9364N	6447436EE9364N
6447415EE9364N	6447436EE9364N
6447416EE9364N	6447436EE9364N
6447417EE9364N	6447436EE9364N
6447418EE9364N	6447436EE9364N
6447419EE9364N	6447436EE9364N
6447420EE9364N	6447436EE9364N
6447421EE9364N	6447436EE9364N
6447422EE9364N	6447436EE9364N
6447423EE9364N	6447436EE9364N
6447424EE9364N	6447436EE9364N
6447425EE9364N	6447436EE9364N
6447426EE9364N	6447436EE9364N
6447427EE9364N	6447436EE9364N
6447428EE9364N	6447436EE9364N
6447429EE9364N	6447436EE9364N
6447430EE9364N	6447436EE9364N
6447431EE9364N	6447436EE9364N
6447432EE9364N	6447436EE9364N
6447433EE9364N	6447436EE9364N
6447434EE9364N	6447436EE9364N
6447435EE9364N	6447436EE9364N
6447436EE9364N	6447436EE9364N
6447437EE9364N	6447436EE9364N
6447438EE9364N	6447436EE9364N
6447439EE9364N	6447436EE9364N
6447440EE9364N	6447436EE9364N
6447441EE9364N	6447436EE9364N
6447442EE9364N	6447436EE9364N
6447443EE9364N	6447436EE9364N
6447444EE9364N	6447436EE9364N
6447445EE9364N	6447436EE9364N
6447446EE9364N	6447436EE9364N
6447447EE9364N	6447436EE9364N
6447448EE9364N	6447436EE9364N
6447449EE9364N	6447436EE9364N
6447450EE9364N	6447436EE9364N
6447451EE9364N	6447436EE9364N
6447452EE9364N	6447436EE9364N
6447453EE9364N	6447436EE9364N
6447454EE9364N	6447436EE9364N
6447456EE9364N	6447436EE9364N
6447457EE9364N	6447436EE9364N
6447458EE9364N	6447436EE9364N
6447459EE9364N	6447436EE9364N
6447463EE9364N	6447463EE9364N
6447465EE9364N	6447436EE9364N
6447467EE9364N	6447403EE9364N
6447469EE9364N	6447403EE9364N
6447470EE9364N	6447403EE9364N
6447472EE9364N	6447403EE9364N
6447473EE9364N	6447463EE9364N
6447475EE9364N	6447463EE9364N
6447476EE9364N	6447436EE9364N
6447478EE9364N	6447436EE9364N
6447480EE9364N	6447436EE9364N
6449502EE9365S	6449502EE9365S
6449503EE9365S	6449502EE9365S
6449504EE9365S	6449502EE9365S
6449507EE9364N	6449502EE9365S
6449508EE9364N	6449508EE9364N
6449509EE9364N	6449508EE9364N
6449510EE9364N	6449502EE9365S
6449511EE9364N	6449502EE9365S
6546101EE9364N	6546101EE9364N
6546801EE9364N	6546101EE9364N
6547501EE9364N	6547508EE9364N
6547502EE9364N	6547508EE9364N
6547503EE9364N	6547508EE9364N
6547504EE9364N	6547508EE9364N
6547505EE9364N	6547508EE9364N
6547506EE9364N	6547508EE9364N
6547507EE9364N	6547508EE9364N
6547508EE9364N	6547508EE9364N
6547509EE9364N	6547508EE9364N
6547510EE9364N	6547508EE9364N
6547511EE9364N	6547508EE9364N
6547512EE9364N	6547508EE9364N
6547513EE9364N	6547508EE9364N
6547514EE9364N	6547508EE9364N
6547515EE9364N	6547508EE9364N
6547516EE9364N	6547508EE9364N
6547517EE9364N	6547508EE9364N
6547518EE9364N	6547508EE9364N
6547519EE9364N	6547508EE9364N
6547520EE9364N	6547508EE9364N
6547521EE9364N	6547508EE9364N
6547522EE9364N	6547508EE9364N
6547523EE9364N	6547508EE9364N
6547524EE9364N	6547508EE9364N
6547525EE9364N	6547508EE9364N
6547526EE9364N	6547508EE9364N
6547527EE9364N	6547508EE9364N
6547601EE9364N	6547605EE9364N
6547602EE9364N	6547605EE9364N
6547603EE9364N	6547605EE9364N
6547604EE9364N	6547605EE9364N
6547605EE9364N	6547605EE9364N
6547606EE9364N	6547605EE9364N
6547607EE9364N	6547605EE9364N
6547608EE9364N	6547605EE9364N
6547609EE9364N	6547605EE9364N
6547901EE9364N	6547910EE9364N
6547902EE9364N	6547910EE9364N
6547903EE9364N	6547910EE9364N
6547904EE9364N	6547910EE9364N
6547905EE9364N	6547910EE9364N
6547906EE9364N	6547910EE9364N
6547907EE9364N	6547910EE9364N
6547908EE9364N	6547910EE9364N
6547909EE9364N	6547910EE9364N
6547910EE9364N	6547910EE9364N
6547912EE9364N	6547910EE9364N
6547913EE9364N	6547910EE9364N
6547914EE9364N	6547910EE9364N
6547915EE9364N	6547910EE9364N
6547916EE9364N	6547910EE9364N
6547917EE9364N	6547910EE9364N
6547918EE9364N	6547910EE9364N
6547919EE9364N	6547910EE9364N
6547920EE9364N	6547910EE9364N
6547921EE9364N	6547910EE9364N
6547922EE9364N	6547910EE9364N
6549102EE9364N	6549125EE9364N
6549103EE9364N	6549109EE9364N
6549104EE9364N	6549109EE9364N
6549105EE9364N	6549109EE9364N
6549106EE9364N	6549109EE9364N
6549107EE9364N	6549109EE9364N
6549108EE9364N	6549109EE9364N
6549109EE9364N	6549109EE9364N
6549110EE9364N	6549109EE9364N
6549111EE9364N	6549109EE9364N
6549112EE9364N	6549109EE9364N
6549113EE9364N	6549109EE9364N
6549114EE9364N	6549115EE9364N
6549115EE9364N	6549115EE9364N
6549116EE9364N	6549115EE9364N
6549117EE9364N	6549115EE9364N
6549118EE9364N	6549115EE9364N
6549119EE9364N	6549115EE9364N
6549120EE9364N	6549115EE9364N
6549121EE9364N	6549115EE9364N
6549122EE9364N	6549115EE9364N
6549123EE9364N	6549125EE9364N
6549124EE9364N	6549125EE9364N
6549125EE9364N	6549125EE9364N
6549126EE9364N	6549125EE9364N
6549129EE9364N	6549115EE9364N
6549130EE9364N	6549125EE9364N
6549131EE9364N	6549125EE9364N
6549132EE9364N	6549125EE9364N
6647401EE9364N	6647401EE9364N
6648101EE9364N	6648102EE9364N
6648102EE9364N	6648102EE9364N
6648401EE9364N	6648402EE9364N
6648402EE9364N	6648402EE9364N
6648403EE9364N	6648402EE9364N
6648404EE9364N	6648402EE9364N
6648405EE9364N	6648402EE9364N
6648406EE9364N	6648402EE9364N
6648407EE9364N	6648402EE9364N
6648408EE9364N	6648402EE9364N
6648409EE9364N	6648402EE9364N
6648412EE9364N	6648402EE9364N
6648413EE9364N	6648402EE9364N
6648414EE9364N	6648402EE9364N
6648415EE9364N	6648402EE9364N
6648416EE9364N	6648402EE9364N
6648417EE9364N	6648402EE9364N
6648501EE9365S	6648504EE9364N
6648502EE9364N	6648504EE9364N
6648503EE9364N	6648504EE9364N
6648504EE9364N	6648504EE9364N
6648505EE9364N	6648504EE9364N
6648507EE9364N	6648504EE9364N
6648508EE9364N	6648504EE9364N
6648509EE9364N	6648504EE9364N
6648510EE9364N	6648504EE9364N
6648511EE9364N	6648504EE9364N
6648512EE9364N	6648504EE9364N
6648513EE9364N	6648504EE9364N
6648515EE9364N	6648504EE9364N
6648516EE9364N	6648504EE9364N
6648517EE9364N	6648504EE9364N
6648518EE9364N	6648504EE9364N
6648519EE9364N	6648504EE9364N
6648520EE9364N	6648504EE9364N
6648521EE9364N	6648504EE9364N
6648701EE9364N	6648701EE9364N
6648702EE9364N	6648701EE9364N
6648703EE9364N	6648701EE9364N
6648704EE9364N	6648701EE9364N
6648801EE9364N	6648807EE9364N
6648802EE9364N	6648807EE9364N
6648803EE9364N	6648807EE9364N
6648804EE9364N	6648807EE9364N
6648805EE9364N	6648807EE9364N
6648806EE9364N	6648807EE9364N
6648807EE9364N	6648807EE9364N
6649301EE9364N	6649305EE9364N
6649302EE9364N	6649305EE9364N
6649303EE9364N	6649305EE9364N
6649304EE9364H	6649305EE9364N
6649305EE9364N	6649305EE9364N
6649306EE9364N	6649316EE9364N
6649307EE9364N	6649316EE9364N
6649308EE9364N	6649316EE9364N
6649309EE9364N	6649316EE9364N
6649310EE9364N	6649316EE9364N
6649311EE9364N	6649316EE9364N
6649312EE9364N	6649316EE9364N
6649313EE9364N	6649316EE9364N
6649314EE9364N	6649316EE9364N
6649315EE9364N	6649316EE9364N
6649316EE9364N	6649316EE9364N
6649317EE9364N	6649305EE9364N
6650201EE9365S	6650201EE9365S
6650202EE9365S	6650201EE9365S
6650203EE9365S	6650201EE9365S
6650204EE9365S	6650201EE9365S
6650205EE9365S	6650201EE9365S
6650206EE9365S	6650215EE9365S
6650207EE9365S	6650215EE9365S
6650208EE9364N	6650215EE9365S
6650210EE9365S	6650215EE9365S
6650211EE9365S	6650215EE9365S
6650212EE9365S	6650215EE9365S
6650213EE9365S	6650215EE9365S
6650214EE9365S	6650215EE9365S
6650215EE9365S	6650215EE9365S
6650601EE9365S	6650611EE9365S
6650602EE9365S	6650611EE9365S
6650603EE9365S	6650611EE9365S
6650604EE9365S	6650611EE9365S
6650605EE9365S	6650611EE9365S
6650606EE9365S	6650611EE9365S
6650607EE9365S	6650611EE9365S
6650608EE9365S	6650611EE9365S
6650609EE9365S	6650611EE9365S
6650610EE9365S	6650611EE9365S
6650611EE9365S	6650611EE9365S
6651101EE9365S	6651101EE9365S
6652702EE9365S	6652736EE9365S
6652703EE9365S	6652736EE9365S
6652704EE9365S	6652736EE9365S
6652705EE9365S	6652736EE9365S
6652706EE9365S	6652736EE9365S
6652707EE9365S	6652736EE9365S
6652708EE9365S	6652736EE9365S
6652709EE9365S	6652736EE9365S
6652710EE9365S	6652736EE9365S
6652711EE9365S	6652736EE9365S
6652712EE9365S	6652736EE9365S
6652713EE9365S	6652736EE9365S
6652714EE9365S	6652736EE9365S
6652715EE9365S	6652736EE9365S
6652716EE9365S	6652736EE9365S
6652717EE9365S	6652736EE9365S
6652718EE9365S	6652736EE9365S
6652719EE9365S	6652736EE9365S
6652720EE9365S	6652736EE9365S
6652721EE9365S	6652736EE9365S
6652722EE9365S	6652736EE9365S
6652723EE9365S	6652736EE9365S
6652724EE9365S	6652736EE9365S
6652725EE9365S	6652736EE9365S
6652726EE9365S	6652736EE9365S
6652727EE9365S	6652736EE9365S
6652728EE9365S	6652736EE9365S
6652729EE9365S	6652736EE9365S
6652730EE9365S	6652736EE9365S
6652731EE9365S	6652736EE9365S
6652732EE9365S	6652736EE9365S
6652733EE9365S	6652736EE9365S
6652734EE9365S	6652736EE9365S
6652735EE9365S	6652736EE9365S
6652736EE9365S	6652736EE9365S
6652738EE9365S	6652738EE9365S
6652739EE9365S	6652738EE9365S
6652742EE9365S	6652738EE9365S
6652744EE9365S	6652738EE9365S
6748302EE9364N	6748302EE9364N
6749902EE9364N	6749902EE9364N
6750201EE9365S	6750201EE9365S
6750202EE9365S	6750203EE9365S
6750203EE9365S	6750203EE9365S
6750204EE9365S	6750203EE9365S
6750205EE9365S	6750203EE9365S
6750206EE9365S	6750201EE9365S
6750207EE9365S	6750201EE9365S
